year,state_abbv,district_id,dem,winning_party,dem_last_name,rep_last_name,dem_margin,dem_margin_lean,lag_dem_margin_lean,year_pvi_coef,pvi
1980,AK,AK.3,0.4611,R,GRUENING,MURKOWSKI,-0.07779999999999998,-0.24284882461155355,-0.26054698355485884,0.6,-0.24992808818887566
1980,AL,AL.3,0.4841,R,FOLSOM,DENTON,-0.03180000000000005,0.08965117538844643,0.11055301644514118,0.6,0.09801191181112434
1980,AR,AR.3,0.5911,D,BUMPERS,CLARK,0.18219999999999992,0.09675117538844642,0.27825301644514117,0.6,0.16935191181112433
1980,AZ,AZ.3,0.4945,R,SCHULZ,GOLDWATER,-0.01100000000000001,-0.2610488246115536,-0.19504698355485883,0.6,-0.2346480881888757
1980,CA,CA.3,0.6034,D,CRANSTON,GANN,0.2068000000000001,-0.08614882461155357,-0.041146983554858824,0.6,-0.06814808818887567
1980,CO,CO.3,0.5083,D,HART,BUCHANAN,0.016599999999999948,-0.1754488246115536,-0.14094698355485882,0.6,-0.1616480881888757
1980,CT,CT.3,0.5676,D,DODD,BUCKLEY,0.1352,-0.007948824611553579,-0.07494698355485882,0.6,-0.034748088188875675
1980,FL,FL.3,0.4834,R,GUNTER,HAWKINS,-0.03320000000000001,-0.07784882461155357,0.030853016445141178,0.6,-0.03436808818887567
1980,GA,GA.3,0.4913,R,TALMADGE,MATTINGLY,-0.01739999999999997,0.25635117538844643,0.31605301644514117,0.6,0.28023191181112433
1980,HI,HI.3,0.8088,D,INOUYE,BROWN,0.6175999999999999,0.12485117538844642,0.0029530164451411767,0.6,0.07609191181112432
1980,IA,IA.3,0.4599,R,CULVER,GRASSLEY,-0.08020000000000005,-0.03814882461155358,-0.03304698355485883,0.6,-0.03610808818887568
1980,ID,ID.3,0.4951,R,CHURCH,SYMMS,-0.009800000000000031,-0.34714882461155355,-0.25744698355485884,0.6,-0.31126808818887564
1980,IL,IL.3,0.5686,D,DIXON,O'NEAL,0.1372,0.016351175388446423,-0.042846983554858824,0.6,-0.007328088188875677
1980,IN,IN.3,0.4621,R,BAYH,QUAYLE,-0.07579999999999998,-0.09274882461155357,-0.09974698355485882,0.6,-0.09554808818887567
1980,KS,KS.3,0.3624,R,SIMPSON,DOLE,-0.2752,-0.1663488246115536,-0.10024698355485882,0.6,-0.13990808818887568
1980,KY,KY.3,0.6513,D,FORD,FOUST,0.3026,0.08885117538844642,0.050353016445141174,0.6,0.07345191181112432
1980,MD,MD.3,0.3383,R,CONROY,MATHIAS,-0.3234,0.1355511753884464,0.03795301644514117,0.6,0.09651191181112431
1980,MO,MO.3,0.5217,D,EAGLETON,MCNARY,0.043400000000000105,0.03185117538844642,0.014053016445141175,0.6,0.024731911811124323
1980,NC,NC.3,0.4971,R,MORGAN,EAST,-0.005800000000000027,0.08115117538844643,0.08835301644514118,0.6,0.08403191181112432
1980,ND,ND.3,0.2918,R,JOHANNESON,ANDREWS,-0.4164,-0.31644882461155355,-0.08354698355485882,0.6,-0.22328808818887566
1980,NH,NH.3,0.4785,R,DURKIN,RUDMAN,-0.04300000000000004,-0.23824882461155356,-0.13754698355485884,0.6,-0.19796808818887568
1980,NV,NV.3,0.3898,R,GOJACK,LAXALT,-0.22040000000000004,-0.2953488246115536,-0.06814698355485882,0.6,-0.20446808818887569
1980,NY,NY.3,0.4924,R,HOLTZMAN,D'AMATO,-0.015199999999999991,0.12005117538844642,0.04615301644514118,0.6,0.09049191181112433
1980,OH,OH.3,0.7089,D,GLENN,BETTS,0.41779999999999995,-0.011548824611553571,-0.020446983554858824,0.6,-0.015108088188875674
1980,OK,OK.3,0.4489,R,COATS,NICKLES,-0.10219999999999996,-0.1642488246115536,-0.03504698355485882,0.6,-0.11256808818887568
1980,OR,OR.3,0.4579,R,KULONGOSKI,PACKWOOD,-0.08420000000000005,-0.007948824611553579,-0.024446983554858824,0.6,-0.014548088188875676
1980,PA,PA.3,0.4876,R,FLAHERTY,SPECTER,-0.024800000000000044,0.02595117538844642,0.004353016445141175,0.6,0.017311911811124323
1980,SC,SC.3,0.7037,D,HOLLINGS,MAYS,0.4074,0.09045117538844642,0.10855301644514118,0.6,0.09769191181112433
1980,SD,SD.3,0.4037,R,MCGOVERN,ABDNOR,-0.1926,-0.20954882461155355,-0.03764698355485882,0.6,-0.14078808818887564
1980,UT,UT.3,0.2571,R,BERMAN,GARN,-0.4858,-0.4561488246115536,-0.3223469835548588,0.6,-0.4026280881888757
1980,VT,VT.3,0.5067,D,LEAHY,LEDBETTER,0.013400000000000079,0.03135117538844642,-0.14954698355485882,0.6,-0.04100808818887568
1980,WA,WA.3,0.4583,R,MAGNUSON,GORTON,-0.08340000000000003,-0.03874882461155357,-0.06314698355485882,0.6,-0.04850808818887567
1980,WI,WI.3,0.4906,R,NELSON,KASTEN,-0.01880000000000004,0.05135117538844643,-0.005546983554858824,0.6,0.028591911811124325
1984,AK,AK.2,0.2858,R,HAVELOCK,STEVENS,-0.4284,-0.19863297615950604,-0.24284882461155355,0.6,-0.21631931554032505
1984,AL,AL.2,0.6332,D,HEFLIN,SMITH JR,0.26639999999999997,-0.04283297615950604,0.08965117538844643,0.6,0.010160684459674944
1984,AR,AR.2,0.5735,D,PRYOR,BETHUNE,0.14700000000000002,-0.042132976159506036,0.09675117538844642,0.6,0.01342068445967495
1984,CO,CO.2,0.3502,R,DICK,ARMSTRONG,-0.2996,-0.10483297615950604,-0.1754488246115536,0.6,-0.13307931554032504
1984,DE,DE.2,0.6011,D,BIDEN,BURRIS,0.20219999999999994,-0.01663297615950604,0.07785117538844642,0.6,0.021160684459674946
1984,GA,GA.2,0.7994,D,NUNN,HICKS,0.5988,-0.02153297615950603,0.25635117538844643,0.6,0.08962068445967496
1984,IA,IA.2,0.5595,D,HARKIN,JEPSEN,0.119,0.10796702384049396,-0.03814882461155358,0.6,0.04952068445967493
1984,ID,ID.2,0.2648,R,BUSCH,MCCLURE,-0.47040000000000004,-0.28303297615950607,-0.34714882461155355,0.6,-0.30867931554032507
1984,IL,IL.2,0.5095,D,SIMON,PERCY,0.018999999999999906,0.052967023840493954,0.016351175388446423,0.6,0.038320684459674945
1984,KS,KS.2,0.2184,R,MAHER,KASSEBAUM,-0.5631999999999999,-0.15813297615950606,-0.1663488246115536,0.6,-0.16141931554032507
1984,KY,KY.2,0.4979,R,HUDDLESTON,MCCONNELL,-0.0041999999999999815,-0.024832976159506054,0.08885117538844642,0.6,0.020640684459674936
1984,MA,MA.2,0.5506,D,KERRY,SHAMIE,0.10119999999999996,0.15446702384049396,0.10135117538844643,0.6,0.13322068445967494
1984,ME,ME.2,0.2607,R,MITCHELL,COHEN,-0.4786,-0.038932976159506055,0.06495117538844643,0.6,0.002620684459674942
1984,MI,MI.2,0.5233,D,LEVIN,LOUSMA,0.046599999999999975,-0.008432976159506028,0.03225117538844642,0.6,0.007840684459674951
1984,MN,MN.2,0.4155,R,GROWE,BOSCHWITZ,-0.16900000000000004,0.18426702384049395,0.14745117538844643,0.6,0.16954068445967496
1984,MS,MS.2,0.3906,R,WINTER,COCHRAN,-0.2188,-0.06383297615950603,0.08955117538844642,0.6,-0.0024793155403250444
1984,MT,MT.2,0.583,D,BAUCUS,COZZENS,0.16599999999999993,-0.04353297615950605,-0.17014882461155356,0.6,-0.09417931554032505
1984,NC,NC.2,0.4806,R,HUNT JR,HELMS,-0.038799999999999946,-0.05813297615950605,0.08115117538844643,0.6,-0.002419315540325054
1984,NE,NE.2,0.5196,D,EXON,HOCH,0.0391999999999999,-0.23763297615950602,-0.32844882461155356,0.6,-0.27395931554032504
1984,NH,NH.2,0.4108,R,D'AMOURS,HUMPHREY,-0.1784,-0.19623297615950602,-0.23824882461155356,0.6,-0.21303931554032501
1984,NJ,NJ.2,0.6478,D,BRADLEY,MOCHARY,0.2956000000000001,-0.027932976159506046,-0.04504882461155357,0.6,-0.034779315540325054
1984,NM,NM.2,0.281,R,PRATT,DOMENICI,-0.43799999999999994,-0.02453297615950603,-0.09504882461155356,0.6,-0.052739315540325044
1984,OK,OK.2,0.7635,D,BOREN,CROZIER,0.5269999999999999,-0.19973297615950603,-0.1642488246115536,0.6,-0.18553931554032504
1984,OR,OR.2,0.3345,R,HENDRIKSEN,HATFIELD,-0.33099999999999996,0.06036702384049396,-0.007948824611553579,0.6,0.033040684459674945
1984,RI,RI.2,0.7266,D,PELL,LEONARD,0.45320000000000005,0.14586702384049396,0.22645117538844645,0.6,0.17810068445967497
1984,SC,SC.2,0.3225,R,PURVIS,THURMOND,-0.355,-0.09993297615950603,0.09045117538844642,0.6,-0.023779315540325044
1984,SD,SD.2,0.2551,R,CUNNINGHAM,PRESSLER,-0.4898,-0.08353297615950606,-0.20954882461155355,0.6,-0.13393931554032507
1984,TN,TN.2,0.6424,D,GORE,ASHE,0.28479999999999994,0.018867023840493963,0.10015117538844642,0.6,0.05138068445967495
1984,TX,TX.2,0.4145,R,DOGGETT,GRAMM,-0.17100000000000004,-0.09323297615950604,-0.040148824611553585,0.6,-0.07199931554032506
1984,VA,VA.2,0.2995,R,HARRISON,WARNER,-0.401,-0.07103297615950604,-0.03314882461155358,0.6,-0.05587931554032506
1984,WV,WV.2,0.5206,D,ROCKEFELLER IV,RAESE,0.0411999999999999,0.07706702384049396,0.15055117538844642,0.6,0.10646068445967494
1984,WY,WY.2,0.2168,R,RYAN,SIMPSON,-0.5664,-0.24553297615950603,-0.27954882461155356,0.6,-0.25913931554032504
1988,AZ,AZ.1,0.5801,D,DECONCINI,DEGREEN,0.1601999999999999,-0.13825089422265344,-0.15983297615950603,0.6,-0.1468837269973945
1988,CA,CA.1,0.4546,R,MCCARTHY,WILSON,-0.09079999999999999,0.04054910577734657,0.01796702384049395,0.6,0.031516273002605524
1988,CT,CT.1,0.5037,D,LIEBERMAN,WEICKER,0.007400000000000073,0.02504910577734657,-0.03753297615950604,0.6,1.6273002605524112e-5
1988,DE,DE.1,0.3794,R,WOO,ROTH,-0.24119999999999997,-0.04815089422265342,-0.01663297615950604,0.6,-0.03554372699739447
1988,FL,FL.1,0.4958,R,MACKAY,MACK,-0.008399999999999963,-0.14835089422265343,-0.12413297615950603,0.6,-0.1386637269973945
1988,HI,HI.1,0.7873,D,MATSUNAGA,HUSTACE,0.5746,0.1727491057773466,0.06836702384049397,0.6,0.13099627300260552
1988,IN,IN.1,0.3186,R,WICKES,LUGAR,-0.3628,-0.12585089422265344,-0.059032976159506034,0.6,-0.09912372699739448
1988,MA,MA.1,0.6569,D,KENNEDY,MALONE,0.3138000000000001,0.15634910577734656,0.15446702384049396,0.6,0.15559627300260553
1988,MD,MD.1,0.618,D,SARBANES,KEYES,0.236,0.04734910577734657,0.12726702384049396,0.6,0.07931627300260552
1988,ME,ME.1,0.8129,D,MITCHELL,WYMAN,0.6257999999999999,-0.03875089422265343,-0.038932976159506055,0.6,-0.03882372699739448
1988,MI,MI.1,0.6109,D,RIEGLE,DUNN,0.2218,-0.002950894222653433,-0.008432976159506028,0.6,-0.005143726997394471
1988,MN,MN.1,0.4214,R,HUMPHREY,DURENBERGER,-0.1572,0.14764910577734658,0.18426702384049395,0.6,0.16229627300260552
1988,MO,MO.1,0.3193,R,NIXON,DANFORTH,-0.36140000000000005,0.03674910577734657,-0.018032976159506053,0.6,0.01483627300260552
1988,MS,MS.1,0.4609,R,DOWDY,LOTT,-0.07820000000000005,-0.13375089422265343,-0.06383297615950603,0.6,-0.10578372699739447
1988,MT,MT.1,0.4813,R,MELCHER,BURNS,-0.03739999999999999,0.016849105777346572,-0.04353297615950605,0.6,-0.007303726997394476
1988,ND,ND.1,0.6035,D,BURDICK,STRINDEN,0.20700000000000007,-0.05525089422265342,-0.13223297615950602,0.6,-0.08604372699739446
1988,NE,NE.1,0.5765,D,KERREY,KARNES,0.15300000000000002,-0.13445089422265344,-0.23763297615950602,0.6,-0.17572372699739447
1988,NJ,NJ.1,0.5424,D,LAUTENBERG,DAWKINS,0.08479999999999999,-0.06135089422265344,-0.027932976159506046,0.6,-0.047983726997394484
1988,NM,NM.1,0.6331,D,BINGAMAN,VALENTINE,0.2662,0.02644910577734657,-0.02453297615950603,0.6,0.006056273002605528
1988,NV,NV.1,0.5211,D,BRYAN,HECHT,0.042200000000000015,-0.13975089422265344,-0.16383297615950604,0.6,-0.1493837269973945
1988,NY,NY.1,0.6834,D,MOYNIHAN,MCMILLAN,0.3668,0.1450491057773466,0.12366702384049397,0.6,0.13649627300260553
1988,OH,OH.1,0.5698,D,METZENBAUM,VOINOVICH,0.13959999999999995,-0.03285089422265343,-0.006932976159506055,0.6,-0.02248372699739448
1988,PA,PA.1,0.3281,R,VIGNOLA,HEINZ,-0.3438,0.05324910577734657,0.10846702384049396,0.6,0.07533627300260552
1988,RI,RI.1,0.4541,R,LICHT,CHAFEE,-0.09179999999999999,0.19424910577734655,0.14586702384049396,0.6,0.17489627300260552
1988,TN,TN.1,0.6534,D,SASSER,ANDERSEN,0.30679999999999996,-0.08775089422265342,0.018867023840493963,0.6,-0.04510372699739446
1988,TX,TX.1,0.5967,D,BENTSEN,BOULTER,0.19340000000000002,-0.05025089422265344,-0.09323297615950604,0.6,-0.06744372699739448
1988,UT,UT.1,0.321,R,MOSS,HATCH,-0.358,-0.2711508942226534,-0.319932976159506,0.6,-0.29066372699739446
1988,VA,VA.1,0.7129,D,ROBB,DAWKINS,0.42579999999999996,-0.13055089422265342,-0.07103297615950604,0.6,-0.10674372699739447
1988,VT,VT.1,0.3045,R,GRAY,JEFFORDS,-0.391,0.04104910577734657,0.009167023840493949,0.6,0.02829627300260552
1988,WA,WA.1,0.4891,R,LOWRY,GORTON,-0.02180000000000004,0.09284910577734656,0.045567023840493964,0.6,0.07393627300260552
1988,WI,WI.1,0.5227,D,KOHL,ENGELEITER,0.04540000000000011,0.11314910577734658,0.09006702384049396,0.6,0.10391627300260553
1988,WV,WV.1,0.6477,D,BYRD,WOLFE,0.2954000000000001,0.12414910577734657,0.07706702384049396,0.6,0.10531627300260553
1988,WY,WY.1,0.4963,R,VINICH,WALLOP,-0.007399999999999962,-0.15185089422265344,-0.24553297615950603,0.6,-0.18932372699739447
1992,AK,AK.3,0.42,R,SMITH,MURKOWSKI,-0.16000000000000003,-0.20391391676307374,-0.16665089422265342,0.6,-0.1890087077469056
1992,AL,AL.3,0.6621,D,SHELBY,SELLERS,0.32420000000000004,-0.14881391676307373,-0.11825089422265342,0.6,-0.1365887077469056
1992,AR,AR.3,0.6018,D,BUMPERS,HUCKABEE,0.2036,0.12738608323692627,-0.06715089422265344,0.6,0.04957129225309438
1992,AZ,AZ.3,0.3613,R,SARGENT,MCCAIN,-0.2774,-0.09841391676307373,-0.13825089422265344,0.6,-0.11434870774690561
1992,CA,CA.1,0.5885,D,FEINSTEIN,SEYMOUR,0.17700000000000005,0.09788608323692627,0.04054910577734657,0.6,0.07495129225309438
1992,CA,CA.3,0.527,D,BOXER,HERSCHENSOHN,0.05400000000000005,0.09788608323692627,0.04054910577734657,0.6,0.07495129225309438
1992,CO,CO.3,0.548,D,CAMPBELL,CONSIDINE,0.09600000000000009,-0.016413916763073737,-0.0024508942226534325,0.6,-0.010828707746905615
1992,CT,CT.3,0.6067,D,DODD,JOHNSON,0.21340000000000003,0.010086083236926266,0.02504910577734657,0.6,0.01607129225309439
1992,FL,FL.3,0.6541,D,GRAHAM,GRANT,0.30820000000000003,-0.09631391676307374,-0.14835089422265343,0.6,-0.11712870774690562
1992,GA,GA.3,0.4935,R,FOWLER,COVERDELL,-0.013000000000000012,-0.06561391676307374,-0.12745089422265343,0.6,-0.09034870774690562
1992,HI,HI.3,0.6802,D,INOUYE,REED,0.36040000000000005,0.061986083236926254,0.1727491057773466,0.6,0.10629129225309439
1992,IA,IA.3,0.281,R,LLOYD JONES,GRASSLEY,-0.43799999999999994,0.0022860832369262646,0.17964910577734655,0.6,0.07323129225309438
1992,ID,ID.3,0.4348,R,STALLINGS,KEMPTHORNE,-0.13039999999999996,-0.2656139167630738,-0.1891508942226534,0.6,-0.23502870774690562
1992,IL,IL.3,0.553,D,MOSELEY BRAUN,WILLIAMSON,0.1060000000000001,0.09938608323692627,0.055649105777346566,0.6,0.08189129225309438
1992,IN,IN.3,0.4152,R,HOGSETT,COATS,-0.16959999999999997,-0.14911391676307373,-0.12585089422265344,0.6,-0.13980870774690562
1992,KS,KS.3,0.3311,R,O'DELL,DOLE,-0.3378,-0.14321391676307374,-0.057950894222653426,0.6,-0.10910870774690562
1992,KY,KY.3,0.6371,D,FORD,WILLIAMS,0.2742,-0.035013916763073735,-0.040450894222653425,0.6,-0.03718870774690561
1992,MD,MD.3,0.7102,D,MIKULSKI,KEYES,0.4204000000000001,0.09358608323692627,0.04734910577734657,0.6,0.07509129225309438
1992,MO,MO.3,0.464,R,ROTHMAN SEROT,BOND,-0.07199999999999995,0.057686083236926256,0.03674910577734657,0.6,0.04931129225309438
1992,NC,NC.3,0.4792,R,SANFORD,FAIRCLOTH,-0.04159999999999997,-0.08161391676307374,-0.08655089422265344,0.6,-0.08358870774690562
1992,ND,ND.1,0.6516,D,CONRAD,DALRYMPLE,0.3031999999999999,-0.22991391676307374,-0.05525089422265342,0.6,-0.1600487077469056
1992,ND,ND.3,0.6028,D,DORGAN,SYDNESS,0.2056,-0.22991391676307374,-0.05525089422265342,0.6,-0.1600487077469056
1992,NH,NH.3,0.4849,R,RAUH,GREGG,-0.030200000000000005,-0.05651391676307374,-0.18805089422265342,0.6,-0.10912870774690561
1992,NV,NV.3,0.5594,D,REID,DAHL,0.11880000000000002,-0.03591391676307374,-0.13975089422265344,0.6,-0.07744870774690563
1992,NY,NY.3,0.4935,R,ABRAMS,D'AMATO,-0.013000000000000012,0.16978608323692626,0.1450491057773466,0.6,0.1598912922530944
1992,OH,OH.3,0.5465,D,GLENN,DEWINE,0.09299999999999997,-0.049013916763073734,-0.03285089422265343,0.6,-0.04254870774690561
1992,OK,OK.3,0.3948,R,LEWIS,NICKLES,-0.21040000000000003,-0.18481391676307374,-0.09115089422265343,0.6,-0.14734870774690562
1992,OR,OR.3,0.4714,R,AUCOIN,PACKWOOD,-0.05720000000000003,0.060286083236926274,0.12434910577734656,0.6,0.08591129225309439
1992,PA,PA.3,0.4855,R,YEAKEL,SPECTER,-0.029000000000000026,0.038586083236926264,0.05324910577734657,0.6,0.04445129225309438
1992,SC,SC.3,0.5161,D,HOLLINGS,HARTNETT,0.032200000000000006,-0.11951391676307374,-0.16475089422265343,0.6,-0.13760870774690562
1992,SD,SD.3,0.6663,D,DASCHLE,HAAR,0.3326,-0.11761391676307373,0.012849105777346576,0.6,-0.0654287077469056
1992,UT,UT.3,0.4176,R,OWENS,BENNETT,-0.16479999999999995,-0.34751391676307375,-0.2711508942226534,0.6,-0.3169687077469056
1992,VT,VT.3,0.5555,D,LEAHY,DOUGLAS,0.11099999999999999,0.13268608323692627,0.04104910577734657,0.6,0.0960312922530944
1992,WA,WA.3,0.5399,D,MURRAY,CHANDLER,0.0798000000000001,0.07938608323692625,0.09284910577734656,0.6,0.08477129225309438
1992,WI,WI.3,0.5333,D,FEINGOLD,KASTEN,0.06659999999999999,-0.01651391676307374,0.11314910577734658,0.6,0.035351292253094385
1996,AK,AK.2,0.1188,R,OBERMEYER,STEVENS,-0.7624,-0.30468048051700414,-0.20391391676307374,0.6,-0.264373855015432
1996,AL,AL.2,0.4643,R,BEDFORD,SESSIONS,-0.07140000000000002,-0.17078048051700412,-0.14881391676307373,0.6,-0.16199385501543195
1996,AR,AR.2,0.473,R,BRYANT,HUTCHINSON,-0.05400000000000005,0.09101951948299586,0.12738608323692627,0.6,0.10556614498456801
1996,CO,CO.2,0.4708,R,STRICKLAND,ALLARD,-0.05840000000000001,-0.11128048051700414,-0.016413916763073737,0.6,-0.07333385501543198
1996,DE,DE.2,0.6116,D,BIDEN,CLATWORTHY,0.22320000000000007,0.07641951948299586,0.03158608323692626,0.6,0.058486144984568014
1996,GA,GA.2,0.5069,D,CLELAND,MILLNER,0.013800000000000034,-0.10868048051700413,-0.06561391676307374,0.6,-0.09145385501543198
1996,IA,IA.2,0.5259,D,HARKIN,LIGHTFOOT,0.05180000000000007,0.018619519482995867,0.0022860832369262646,0.6,0.012086144984568026
1996,ID,ID.2,0.4117,R,MINNICK,CRAIG,-0.17659999999999998,-0.3120804805170041,-0.2656139167630738,0.6,-0.29349385501543196
1996,IL,IL.2,0.5797,D,DURBIN,SALVI,0.1594,0.09601951948299586,0.09938608323692627,0.6,0.09736614498456803
1996,KS,KS.2,0.357,R,THOMPSON,ROBERTS,-0.28600000000000003,-0.29748048051700415,-0.14321391676307374,0.6,-0.235773855015432
1996,KS,KS.3,0.4456,R,DOCKING,BROWNBACK,-0.10880000000000001,-0.29748048051700415,-0.14321391676307374,0.6,-0.235773855015432
1996,KY,KY.2,0.4359,R,BESHEAR,MCCONNELL,-0.12819999999999998,-0.08548048051700413,-0.035013916763073735,0.6,-0.06529385501543197
1996,LA,LA.2,0.5017,D,LANDRIEU,JENKINS,0.0034000000000000696,0.03511951948299588,-0.019113916763073738,0.6,0.013426144984568032
1996,MA,MA.2,0.5386,D,KERRY,WELD,0.07719999999999994,0.2767195194829959,0.16938608323692625,0.6,0.233786144984568
1996,ME,ME.2,0.4715,R,BRENNAN,COLLINS,-0.05700000000000005,0.15711951948299585,0.04868608323692626,0.6,0.113746144984568
1996,MI,MI.2,0.5941,D,LEVIN,ROMNEY,0.18819999999999992,0.05041951948299586,0.019886083236926255,0.6,0.038206144984568015
1996,MN,MN.2,0.5493,D,WELLSTONE,BOSCHWITZ,0.09860000000000002,0.09151951948299586,0.08198608323692627,0.6,0.08770614498456802
1996,MS,MS.2,0.2783,R,HUNT,COCHRAN,-0.4434,-0.15098048051700413,-0.17101391676307373,0.6,-0.15899385501543198
1996,MT,MT.2,0.5258,D,BAUCUS,REHBERG,0.05160000000000009,-0.12978048051700414,-0.037913916763073735,0.6,-0.09303385501543197
1996,NC,NC.2,0.4659,R,GANTT,HELMS,-0.06820000000000004,-0.14668048051700414,-0.08161391676307374,0.6,-0.12065385501543197
1996,NE,NE.2,0.4259,R,NELSON,HAGEL,-0.1482,-0.30718048051700414,-0.29861391676307375,0.6,-0.303753855015432
1996,NH,NH.2,0.4841,R,SWETT,SMITH,-0.03180000000000005,0.016119519482995864,-0.05651391676307374,0.6,-0.012933855015431978
1996,NJ,NJ.2,0.5531,D,TORRICELLI,ZIMMER,0.10620000000000007,0.10321951948299588,-0.044013916763073736,0.6,0.04432614498456803
1996,NM,NM.2,0.3151,R,TRUJILLO,DOMENICI,-0.3698,-0.015580480517004128,0.030386083236926265,0.6,0.0028061449845680295
1996,OK,OK.2,0.4142,R,BOREN,INHOFE,-0.17159999999999997,-0.18408048051700412,-0.18481391676307374,0.6,-0.18437385501543196
1996,OR,OR.2,0.4797,R,BRUGGERE,SMITH,-0.04059999999999997,-0.0021804805170041325,0.060286083236926274,0.6,0.02280614498456803
1996,RI,RI.2,0.6443,D,REED,MAYER,0.28859999999999997,0.28401951948299586,0.16448608323692626,0.6,0.23620614498456804
1996,SC,SC.2,0.4518,R,CLOSE,THURMOND,-0.09640000000000004,-0.15828048051700414,-0.11951391676307374,0.6,-0.14277385501543197
1996,SD,SD.2,0.5132,D,JOHNSON,PRESSLER,0.02639999999999998,-0.13478048051700414,-0.11761391676307373,0.6,-0.12791385501543198
1996,TN,TN.2,0.375,R,GORDON,THOMPSON,-0.25,-0.07038048051700413,-0.02041391676307374,0.6,-0.050393855015431976
1996,TX,TX.2,0.4451,R,MORALES,GRAMM,-0.10980000000000001,-0.14928048051700413,-0.11721391676307374,0.6,-0.13645385501543197
1996,VA,VA.2,0.4745,R,WARNER,WARNER,-0.051000000000000045,-0.11728048051700413,-0.12351391676307374,0.6,-0.11977385501543197
1996,WV,WV.2,0.7665,D,ROCKEFELLER IV,BURKS,0.5329999999999999,0.07101951948299587,0.08298608323692627,0.6,0.07580614498456803
1996,WY,WY.2,0.4385,R,KARPAN,ENZI,-0.123,-0.24588048051700412,-0.14821391676307374,0.6,-0.20681385501543195
2000,CA,CA.1,0.6042,D,FEINSTEIN,CAMPBELL,0.20839999999999992,0.11896654163051941,0.04821951948299588,0.6,0.09066773277151
2000,CT,CT.1,0.6491,D,LIEBERMAN,GIORDANO,0.2982,0.1799665416305194,0.11121951948299588,0.6,0.15246773277151
2000,DE,DE.1,0.5596,D,CARPER,ROTH,0.11919999999999997,0.1296665416305194,0.07641951948299586,0.6,0.10836773277150999
2000,FL,FL.1,0.5249,D,NELSON,MCCOLLUM,0.049800000000000066,-0.005233458369480593,-0.032980480517004127,0.6,-0.016332267228490006
2000,GA,GA.3,0.6056,D,MILLER,MATTINGLY,0.21120000000000005,-0.1248334583694806,-0.10868048051700413,0.6,-0.11837226722849001
2000,HI,HI.1,0.7479,D,AKAKA,CARROLL,0.4958,0.19136654163051942,0.18941951948299585,0.6,0.19058773277150998
2000,IN,IN.1,0.3236,R,JOHNSON,LUGAR,-0.3528,-0.16523345836948058,-0.15908048051700413,0.6,-0.16277226722849
2000,MA,MA.1,0.8497,D,KENNEDY,ROBINSON III,0.6994,0.2906665416305194,0.2767195194829959,0.6,0.28508773277151
2000,MD,MD.1,0.6323,D,SARBANES,RAPPAPORT,0.26459999999999995,0.1634665416305194,0.07671951948299588,0.6,0.12876773277151
2000,ME,ME.1,0.3106,R,LAWRENCE,SNOWE,-0.3788,0.04986654163051941,0.15711951948299585,0.6,0.09276773277150999
2000,MI,MI.1,0.5083,D,STABENOW,ABRAHAM,0.016599999999999948,0.047566541630519404,0.05041951948299586,0.6,0.048707732771509984
2000,MN,MN.1,0.5301,D,DAYTON,GRAMS,0.06020000000000003,0.020566541630519408,0.09151951948299586,0.6,0.04894773277150999
2000,MO,MO.1,0.5105,D,CARNAHAN,ASHCROFT,0.020999999999999908,-0.039333458369480594,-0.025180480517004125,0.6,-0.033672267228490003
2000,MS,MS.1,0.3241,R,BROWN,LOTT,-0.3518,-0.1772334583694806,-0.15098048051700413,0.6,-0.16673226722849
2000,MT,MT.1,0.483,R,SCHWEITZER,BURNS,-0.03400000000000003,-0.2782334583694806,-0.12978048051700414,0.6,-0.21885226722849002
2000,ND,ND.1,0.6137,D,CONRAD,SAND,0.22740000000000005,-0.2996334583694806,-0.17428048051700412,0.6,-0.24949226722849
2000,NE,NE.1,0.5109,D,NELSON,STENBERG,0.02180000000000004,-0.3087334583694806,-0.30718048051700414,0.6,-0.30811226722849
2000,NJ,NJ.1,0.5155,D,CORZINE,FRANKS,0.030999999999999917,0.15906654163051942,0.10321951948299588,0.6,0.13672773277151
2000,NM,NM.1,0.6173,D,BINGAMAN,REDMOND,0.23459999999999992,-0.004533458369480593,-0.015580480517004128,0.6,-0.008952267228490006
2000,NV,NV.1,0.4188,R,BERNSTEIN,ENSIGN,-0.1624,-0.042233458369480593,-0.08438048051700413,0.6,-0.05909226722849001
2000,NY,NY.1,0.5624,D,CLINTON,LAZIO,0.12480000000000002,0.2663665416305194,0.2585195194829959,0.6,0.26322773277151
2000,OH,OH.1,0.3744,R,CELESTE,DEWINE,-0.2512,-0.04193345836948059,-0.024180480517004124,0.6,-0.034832267228490005
2000,PA,PA.1,0.4647,R,KLINK,SANTORUM,-0.0706,0.037866541630519404,0.00711951948299587,0.6,0.02556773277150999
2000,RI,RI.1,0.4198,R,WEYGAND,CHAFEE,-0.1604,0.3078665416305194,0.28401951948299586,0.6,0.29832773277151
2000,TN,TN.1,0.331,R,CLARK,FRIST,-0.33799999999999997,-0.044433458369480594,-0.07038048051700413,0.6,-0.05481226722849
2000,TX,TX.1,0.3318,R,KELLY,HUTCHISON,-0.33640000000000003,-0.22423345836948058,-0.14928048051700413,0.6,-0.19425226722849
2000,UT,UT.1,0.3246,R,HOWELL,HATCH,-0.3508,-0.4396334583694806,-0.33648048051700413,0.6,-0.39837226722848995
2000,VA,VA.1,0.4771,R,ROBB,ALLEN,-0.04579999999999995,-0.0880334583694806,-0.11728048051700413,0.6,-0.09973226722849
2000,VT,VT.1,0.2795,R,FLANAGAN,JEFFORDS,-0.44099999999999995,0.1036665416305194,0.16761951948299586,0.6,0.12924773277150997
2000,WA,WA.1,0.5005,D,CANTWELL,GORTON,9.999999999998899e-4,0.05376654163051941,0.04781951948299587,0.6,0.05138773277150999
2000,WI,WI.1,0.6243,D,KOHL,GILLESPIE,0.24859999999999993,-0.0028334583694805925,0.022319519482995875,0.6,0.0072277327715099945
2000,WV,WV.1,0.7941,D,BYRD,GALLAHER,0.5882000000000001,-0.06993345836948059,0.07101951948299587,0.6,-0.013552267228490004
2000,WY,WY.1,0.23,R,LOGAN,THOMAS,-0.54,-0.42473345836948057,-0.24588048051700412,0.6,-0.35319226722848995
2004,AK,AK.3,0.4839,R,KNOWLES,MURKOWSKI,-0.032200000000000006,-0.23983975926855416,-0.3638334583694806,0.6,-0.28943723890892475
2004,AL,AL.3,0.3239,R,SOWELL,SHELBY,-0.35219999999999996,-0.23333975926855416,-0.1572334583694806,0.6,-0.20289723890892475
2004,AR,AR.3,0.5592,D,LINCOLN,HOLT,0.11840000000000006,-0.07403975926855415,-0.061133458369480594,0.6,-0.06887723890892472
2004,AZ,AZ.3,0.2118,R,STARKY,MCCAIN,-0.5764,-0.08083975926855415,-0.07083345836948059,0.6,-0.07683723890892472
2004,CA,CA.3,0.6042,D,BOXER,JONES,0.20839999999999992,0.12546024073144585,0.11896654163051941,0.6,0.12286276109107527
2004,CO,CO.3,0.5244,D,SALAZAR,COORS,0.048799999999999955,-0.022639759268554153,-0.0948334583694806,0.6,-0.051517238908924734
2004,CT,CT.3,0.6738,D,DODD,ORCHULLI,0.3475999999999999,0.13016024073144583,0.1799665416305194,0.6,0.15008276109107527
2004,FL,FL.3,0.4943,R,CASTOR,MARTINEZ,-0.011399999999999966,-0.025839759268554155,-0.005233458369480593,0.6,-0.01759723890892473
2004,GA,GA.3,0.4085,R,MAJETTE,ISAKSON,-0.18300000000000005,-0.14243975926855415,-0.1248334583694806,0.6,-0.13539723890892474
2004,HI,HI.3,0.7825,D,INOUYE,CAVASSO,0.565,0.11276024073144585,0.19136654163051942,0.6,0.14420276109107527
2004,IA,IA.3,0.2843,R,SMALL,GRASSLEY,-0.4314,0.017960240731445847,-0.0018334583694805924,0.6,0.010042761091075271
2004,IL,IL.3,0.7212,D,OBAMA,KEYES,0.4423999999999999,0.12886024073144586,0.11846654163051941,0.6,0.12470276109107528
2004,IN,IN.3,0.6235,D,BAYH,SCOTT,0.2470000000000001,-0.18383975926855414,-0.16523345836948058,0.6,-0.17639723890892473
2004,KS,KS.3,0.2844,R,JONES,BROWNBACK,-0.43120000000000003,-0.23263975926855412,-0.2234334583694806,0.6,-0.22895723890892472
2004,KY,KY.3,0.4934,R,MONGIARDO,BUNNING,-0.01319999999999999,-0.17553975926855414,-0.15973345836948058,0.6,-0.1692172389089247
2004,LA,LA.3,0.482,R,JOHN,VITTER,-0.03600000000000003,-0.12193975926855416,-0.08393345836948059,0.6,-0.10673723890892473
2004,MD,MD.3,0.6577,D,MIKULSKI,PIPKIN,0.3153999999999999,0.15596024073144585,0.1634665416305194,0.6,0.15896276109107527
2004,MO,MO.3,0.4328,R,FARMER,BOND,-0.13439999999999996,-0.04773975926855416,-0.039333458369480594,0.6,-0.044377238908924733
2004,NC,NC.3,0.4768,R,BOWLES,BURR,-0.0464,-0.10013975926855415,-0.1344334583694806,0.6,-0.11385723890892473
2004,ND,ND.3,0.6828,D,DORGAN,LIFFRIG,0.3655999999999999,-0.25353975926855415,-0.2996334583694806,0.6,-0.2719772389089247
2004,NH,NH.3,0.3375,R,HADDOCK,GREGG,-0.32499999999999996,0.03846024073144585,-0.018533458369480595,0.6,0.01566276109107527
2004,NV,NV.3,0.6348,D,REID,ZISER,0.26960000000000006,-0.0017397592685541516,-0.042233458369480593,0.6,-0.01793723890892473
2004,NY,NY.3,0.7459,D,SCHUMER,MILLS,0.4918,0.22126024073144585,0.2663665416305194,0.6,0.23930276109107526
2004,OH,OH.3,0.3615,R,FINGERHUT,VOINOVICH,-0.277,0.003460240731445848,-0.04193345836948059,0.6,-0.01469723890892473
2004,OK,OK.3,0.4387,R,CARSON,COBURN,-0.12260000000000004,-0.28673975926855416,-0.22673345836948058,0.6,-0.26273723890892475
2004,OR,OR.3,0.6663,D,WYDEN,KING,0.3326,0.06686024073144585,-4.3345836948059224e-4,0.6,0.03994276109107527
2004,PA,PA.3,0.4438,R,HOEFFEL,SPECTER,-0.11240000000000006,0.04986024073144585,0.037866541630519404,0.6,0.045062761091075265
2004,SC,SC.3,0.4511,R,TENENBAUM,DEMINT,-0.0978,-0.14803975926855414,-0.1683334583694806,0.6,-0.15615723890892474
2004,SD,SD.3,0.4942,R,DASCHLE,THUNE,-0.011600000000000055,-0.19363975926855415,-0.2374334583694806,0.6,-0.21115723890892474
2004,UT,UT.3,0.2924,R,VAN DAM,BENNETT,-0.4152,-0.44223975926855413,-0.4396334583694806,0.6,-0.4411972389089247
2004,VT,VT.3,0.7421,D,LEAHY,MCMULLEN,0.48419999999999996,0.23066024073144584,0.1036665416305194,0.6,0.17986276109107527
2004,WA,WA.3,0.5627,D,MURRAY,NETHERCUTT,0.12539999999999996,0.09756024073144585,0.05376654163051941,0.6,0.08004276109107528
2004,WI,WI.3,0.5565,D,FEINGOLD,MICHELS,0.11299999999999999,0.02846024073144585,-0.0028334583694805925,0.6,0.015942761091075272
2008,AK,AK.2,0.5066,D,BEGICH,STEVENS,0.0132000000000001,-0.2967153455716054,-0.23983975926855416,0.6,-0.2739651110503849
2008,AL,AL.2,0.3656,R,FIGURES,SESSIONS,-0.26880000000000004,-0.2932153455716054,-0.23333975926855416,0.6,-0.26926511105038486
2008,CO,CO.2,0.5541,D,UDALL,SCHAFFER,0.10820000000000007,0.015584654428394601,-0.022639759268554153,0.6,2.9488894961509846e-4
2008,DE,DE.2,0.6469,D,BIDEN,O'DONNELL,0.29380000000000006,0.17738465442839463,0.10126024073144585,0.6,0.1469348889496151
2008,GA,GA.2,0.4256,R,MARTIN,CHAMBLISS,-0.14880000000000004,-0.1280153455716054,-0.14243975926855415,0.6,-0.1337851110503849
2008,IA,IA.2,0.6271,D,HARKIN,REED,0.2542,0.021584654428394606,0.017960240731445847,0.6,0.020134888949615102
2008,ID,ID.2,0.3717,R,LAROCCO,RISCH,-0.25660000000000005,-0.3359153455716054,-0.36183975926855416,0.6,-0.34628511105038495
2008,IL,IL.2,0.704,D,DURBIN,SAUERBERG,0.4079999999999999,0.17928465442839459,0.12886024073144586,0.6,0.1591148889496151
2008,KS,KS.2,0.3777,R,SLATTERY,ROBERTS,-0.24460000000000004,-0.2276153455716054,-0.23263975926855412,0.6,-0.2296251110503849
2008,KY,KY.2,0.4703,R,LUNSFORD,MCCONNELL,-0.05940000000000001,-0.2401153455716054,-0.17553975926855414,0.6,-0.2142851110503849
2008,LA,LA.2,0.5326,D,LANDRIEU,KENNEDY,0.06519999999999992,-0.2645153455716054,-0.12193975926855416,0.6,-0.2074851110503849
2008,MA,MA.2,0.6805,D,KERRY,BEATTY,0.361,0.18848465442839463,0.27956024073144586,0.6,0.22491488894961512
2008,ME,ME.2,0.3862,R,ALLEN,COLLINS,-0.22760000000000002,0.10118465442839461,0.11636024073144585,0.6,0.1072548889496151
2008,MI,MI.2,0.6493,D,LEVIN,HOOGENDYK,0.2986,0.0919846544283946,0.05916024073144585,0.6,0.07885488894961509
2008,MN,MN.2,0.5001,D,FRANKEN,COLEMAN,1.9999999999997797e-4,0.029184654428394602,0.05986024073144585,0.6,0.041454888949615104
2008,MS,MS.1,0.4504,R,MUSGROVE,WICKER,-0.09919999999999995,-0.2082153455716054,-0.16543975926855414,0.6,-0.19110511105038488
2008,MS,MS.2,0.3856,R,FLEMING,COCHRAN,-0.2288,-0.2082153455716054,-0.16543975926855414,0.6,-0.19110511105038488
2008,MT,MT.2,0.7292,D,BAUCUS,KELLEHER,0.4583999999999999,-0.0988153455716054,-0.18533975926855414,0.6,-0.1334251110503849
2008,NC,NC.2,0.5437,D,HAGAN,DOLE,0.08739999999999992,-0.0721153455716054,-0.10013975926855415,0.6,-0.0833251110503849
2008,NE,NE.2,0.4105,R,KLEEB,JOHANNS,-0.17900000000000005,-0.2276153455716054,-0.31223975926855413,0.6,-0.2614651110503849
2008,NH,NH.2,0.5327,D,SHAHEEN,SUNUNU,0.0653999999999999,0.021984654428394604,0.03846024073144585,0.6,0.0285748889496151
2008,NJ,NJ.2,0.5718,D,LAUTENBERG,ZIMMER,0.14359999999999995,0.0818846544283946,0.09206024073144585,0.6,0.0859548889496151
2008,NM,NM.2,0.6133,D,UDALL,PEARCE,0.2265999999999999,0.0778846544283946,0.016660240731445848,0.6,0.053394888949615096
2008,OK,OK.2,0.4087,R,RICE,INHOFE,-0.18259999999999998,-0.3883153455716054,-0.28673975926855416,0.6,-0.3476851110503849
2008,OR,OR.2,0.5177,D,MERKLEY,SMITH,0.0354000000000001,0.09288465442839461,0.06686024073144585,0.6,0.0824748889496151
2008,RI,RI.2,0.734,D,REED,TINGLE,0.46799999999999997,0.20858465442839458,0.23626024073144586,0.6,0.2196548889496151
2008,SC,SC.2,0.4234,R,CONLEY,GRAHAM,-0.1532,-0.16631534557160538,-0.14803975926855414,0.6,-0.1590051110503849
2008,SD,SD.2,0.6249,D,JOHNSON,DYKSTRA,0.24980000000000002,-0.1613153455716054,-0.19363975926855415,0.6,-0.17424511105038493
2008,TN,TN.2,0.3269,R,TUKE,ALEXANDER,-0.34619999999999995,-0.2280153455716054,-0.11903975926855415,0.6,-0.1844251110503849
2008,TX,TX.2,0.4386,R,NORIEGA,CORNYN,-0.12280000000000002,-0.1941153455716054,-0.20553975926855414,0.6,-0.1986851110503849
2008,VA,VA.2,0.6585,D,WARNER,GILMORE,0.31699999999999995,-0.01171534557160539,-0.05803975926855415,0.6,-0.030245111050384892
2008,WV,WV.2,0.6374,D,ROCKEFELLER IV,WOLFE,0.27479999999999993,-0.2089153455716054,-0.10493975926855414,0.6,-0.1673251110503849
2008,WY,WY.1,0.2656,R,CARTER,BARRASSO,-0.4688,-0.4066153455716054,-0.38163975926855415,0.6,-0.3966251110503849
2008,WY,WY.2,0.2428,R,ROTHFUSS,ENZI,-0.5144,-0.4066153455716054,-0.38163975926855415,0.6,-0.3966251110503849
2012,AZ,AZ.1,0.4841,R,CARMONA,FLAKE,-0.03180000000000005,-0.13249786598444863,-0.16171534557160538,0.6,-0.14418485781931134
2012,CA,CA.1,0.6252,D,FEINSTEIN,EMKEN,0.25039999999999996,0.19730213401555136,0.17018465442839462,0.6,0.18645514218068865
2012,CT,CT.1,0.56,D,MURPHY,MCMAHON,0.1200000000000001,0.13530213401555136,0.1509846544283946,0.6,0.14157514218068865
2012,DE,DE.1,0.6964,D,CARPER,WADE,0.39280000000000004,0.14870213401555138,0.17738465442839463,0.6,0.16017514218068868
2012,FL,FL.1,0.5667,D,NELSON,MACK,0.13339999999999996,-0.03139786598444863,-0.047015345571605395,0.6,-0.03764485781931134
2012,HI,HI.1,0.626,D,HIRONO,LINGLE,0.252,0.39390213401555135,0.3844846544283946,0.6,0.3901351421806887
2012,IN,IN.1,0.5306,D,DONNELLY,MOURDOCK,0.06119999999999992,-0.14419786598444861,-0.0650153455716054,0.6,-0.11252485781931132
2012,MA,MA.1,0.5378,D,WARREN,BROWN,0.07559999999999989,0.19550213401555136,0.18848465442839463,0.6,0.19269514218068867
2012,MD,MD.1,0.6801,D,CARDIN,BONGINO,0.3602000000000001,0.2262021340155514,0.1831846544283946,0.6,0.20899514218068865
2012,ME,ME.1,0.6324,D,KING,SUMMERS,0.2647999999999999,0.11700213401555137,0.10118465442839461,0.6,0.11067514218068866
2012,MI,MI.1,0.6075,D,STABENOW,HOEKSTRA,0.21500000000000008,0.05580213401555137,0.0919846544283946,0.6,0.07027514218068867
2012,MN,MN.1,0.6812,D,KLOBUCHAR,BILLS,0.36240000000000006,0.03860213401555136,0.029184654428394602,0.6,0.03483514218068866
2012,MO,MO.1,0.5836,D,MCCASKILL,AKIN,0.16720000000000002,-0.13579786598444865,-0.0768153455716054,0.6,-0.11220485781931135
2012,MS,MS.1,0.415,R,GORE,WICKER,-0.17000000000000004,-0.15619786598444863,-0.2082153455716054,0.6,-0.17700485781931136
2012,MT,MT.1,0.5199,D,TESTER,REHBERG,0.03980000000000006,-0.18089786598444862,-0.0988153455716054,0.6,-0.14806485781931134
2012,ND,ND.1,0.5046,D,HEITKAMP,BERG,0.009200000000000097,-0.24239786598444862,-0.1636153455716054,0.6,-0.21088485781931132
2012,NE,NE.1,0.4223,R,KERREY,FISCHER,-0.15539999999999998,-0.26279786598444865,-0.2276153455716054,0.6,-0.24872485781931133
2012,NJ,NJ.1,0.5992,D,MENENDEZ,KYRILLOS,0.1983999999999999,0.13880213401555136,0.0818846544283946,0.6,0.11603514218068867
2012,NM,NM.1,0.5298,D,HEINRICH,WILSON,0.0596000000000001,0.06570213401555136,0.0778846544283946,0.6,0.07057514218068865
2012,NV,NV.1,0.4936,R,BERKLEY,HELLER,-0.012800000000000034,0.028002134015551364,0.05228465442839461,0.6,0.037715142180688666
2012,NY,NY.1,0.7328,D,GILLIBRAND,LONG,0.4656,0.2807021340155514,0.23988465442839463,0.6,0.2643751421806887
2012,OH,OH.1,0.5314,D,BROWN,MANDEL,0.06279999999999997,-0.009897865984448632,-0.028715345571605398,0.6,-0.01742485781931134
2012,PA,PA.1,0.5463,D,CASEY,SMITH,0.09260000000000002,0.01440213401555137,0.029184654428394602,0.6,0.020315142180688663
2012,RI,RI.1,0.6496,D,WHITEHOUSE,HINCKLEY,0.2991999999999999,0.24010213401555136,0.20858465442839458,0.6,0.22749514218068864
2012,TN,TN.1,0.3191,R,CLAYTON,CORKER,-0.3618,-0.24719786598444862,-0.2280153455716054,0.6,-0.23952485781931132
2012,TX,TX.1,0.4185,R,SADLER,CRUZ,-0.16300000000000003,-0.20039786598444864,-0.1941153455716054,0.6,-0.19788485781931134
2012,UT,UT.1,0.3146,R,HOWELL,HATCH,-0.3708,-0.5326978659844486,-0.3659153455716054,0.6,-0.4659848578193113
2012,VA,VA.1,0.5296,D,KAINE,ALLEN,0.05919999999999992,-8.978659844486314e-4,-0.01171534557160539,0.6,-0.005224857819311334
2012,VT,VT.1,0.7403,D,SANDERS,MACGOVERN,0.4805999999999999,0.32470213401555137,0.3025846544283946,0.6,0.31585514218068866
2012,WA,WA.1,0.6045,D,CANTWELL,BAUMGARTNER,0.20900000000000007,0.11240213401555138,0.09958465442839459,0.6,0.10727514218068866
2012,WI,WI.1,0.5285,D,BALDWIN,THOMPSON,0.05699999999999994,0.029102134015551367,0.0656846544283946,0.6,0.04373514218068866
2012,WV,WV.1,0.6242,D,MANCHIN,RAESE,0.24839999999999995,-0.31369786598444865,-0.2089153455716054,0.6,-0.2717848578193114
2012,WY,WY.1,0.2225,R,CHESNUT,BARRASSO,-0.5549999999999999,-0.46339786598444865,-0.4066153455716054,0.6,-0.4406848578193113
2016,AK,AK.3,0.2076,R,METCALFE,MURKOWSKI,-0.5848,-0.19095012835168176,-0.18649786598444865,0.6,-0.1891692234047885
2016,AL,AL.3,0.3593,R,CRUMPTON,SHELBY,-0.2814,-0.31075012835168175,-0.26449786598444863,0.6,-0.29224922340478854
2016,AR,AR.3,0.377,R,ELDRIDGE,BOOZMAN,-0.246,-0.3089501283516818,-0.2832978659844486,0.6,-0.29868922340478854
2016,AZ,AZ.3,0.4314,R,KIRKPATRICK,MCCAIN,-0.1372,-0.061050128351681776,-0.13249786598444863,0.6,-0.08962922340478852
2016,CO,CO.3,0.53,D,BENNET,GLENN,0.06000000000000005,0.030449871648318222,0.014802134015551367,0.6,0.024190776595211478
2016,CT,CT.3,0.6461,D,BLUMENTHAL,CARTER,0.2922,0.11954987164831823,0.13530213401555136,0.6,0.1258507765952115
2016,FL,FL.3,0.4602,R,MURPHY,RUBIO,-0.0796,-0.03565012835168178,-0.03139786598444863,0.6,-0.03394922340478852
2016,GA,GA.3,0.4282,R,BARKSDALE,ISAKSON,-0.14359999999999995,-0.07645012835168177,-0.11929786598444864,0.6,-0.09358922340478852
2016,HI,HI.3,0.7679,D,SCHATZ,CARROLL,0.5358,0.3255498716483182,0.39390213401555135,0.6,0.3528907765952115
2016,IA,IA.3,0.3724,R,JUDGE,GRASSLEY,-0.2552,-0.12455012835168178,0.01900213401555137,0.6,-0.06712922340478851
2016,ID,ID.3,0.2954,R,STURGILL,CRAPO,-0.4092,-0.3894501283516818,-0.36859786598444866,0.6,-0.38110922340478853
2016,IL,IL.3,0.5797,D,DUCKWORTH,KIRK,0.1594,0.15714987164831823,0.13140213401555137,0.6,0.14685077659521148
2016,IN,IN.3,0.4487,R,BAYH,YOUNG,-0.10260000000000002,-0.22555012835168178,-0.14419786598444861,0.6,-0.19300922340478852
2016,KS,KS.3,0.3415,R,WIESNER,MORAN,-0.31699999999999995,-0.24545012835168178,-0.26249786598444863,0.6,-0.2522692234047885
2016,KY,KY.3,0.4273,R,GRAY,PAUL,-0.14539999999999997,-0.3366501283516818,-0.2710978659844486,0.6,-0.3104292234047885
2016,LA,LA.3,0.3935,R,CAMPBELL,KENNEDY,-0.21299999999999997,-0.22665012835168177,-0.21509786598444863,0.6,-0.22202922340478853
2016,MD,MD.3,0.6306,D,VAN HOLLEN,SZELIGA,0.2612000000000001,0.25694987164831823,0.2262021340155514,0.6,0.2446507765952115
2016,MO,MO.3,0.4854,R,KANDER,BLUNT,-0.029200000000000004,-0.21965012835168177,-0.13579786598444865,0.6,-0.18610922340478853
2016,NC,NC.3,0.4705,R,ROSS,BURR,-0.05900000000000005,-0.06135012835168178,-0.06089786598444863,0.6,-0.06116922340478852
2016,ND,ND.3,0.1778,R,GLASSHEIM,HOEVEN,-0.6444,-0.4194501283516818,-0.24239786598444862,0.6,-0.3486292234047885
2016,NH,NH.3,0.5007,D,HASSAN,AYOTTE,0.0014000000000000679,-0.019350128351681775,0.016502134015551367,0.6,-0.005009223404788518
2016,NV,NV.3,0.5132,D,MASTO,HECK,0.02639999999999998,0.0026498716483182236,0.028002134015551364,0.6,0.012790776595211481
2016,NY,NY.3,0.7221,D,SCHUMER,LONG,0.44419999999999993,0.24494987164831822,0.2807021340155514,0.6,0.25925077659521145
2016,OH,OH.3,0.3904,R,STRICKLAND,PORTMAN,-0.21919999999999995,-0.10865012835168178,-0.009897865984448632,0.6,-0.06914922340478852
2016,OK,OK.3,0.2662,R,WORKMAN,LANKFORD,-0.4676,-0.4093501283516818,-0.3755978659844486,0.6,-0.3958492234047885
2016,OR,OR.3,0.6293,D,WYDEN,CALLAHAN,0.25859999999999994,0.09984987164831823,0.08520213401555138,0.6,0.09399077659521149
2016,PA,PA.3,0.4925,R,MCGINTY,TOOMEY,-0.015000000000000013,-0.030750128351681776,0.01440213401555137,0.6,-0.012689223404788515
2016,SC,SC.3,0.3788,R,DIXON,SCOTT,-0.24239999999999995,-0.17245012835168178,-0.14639786598444865,0.6,-0.16202922340478854
2016,SD,SD.3,0.2817,R,WILLIAMS,THUNE,-0.4366,-0.3426501283516818,-0.22459786598444864,0.6,-0.2954292234047885
2016,UT,UT.3,0.2842,R,SNOW,LEE,-0.4316,-0.27095012835168175,-0.5326978659844486,0.6,-0.37564922340478846
2016,VT,VT.3,0.6497,D,LEAHY,MILNE,0.2994000000000001,0.28044987164831825,0.32470213401555137,0.6,0.2981507765952115
2016,WA,WA.3,0.5901,D,MURRAY,VANCE,0.18019999999999992,0.15244987164831822,0.11240213401555138,0.6,0.13643077659521147
2016,WI,WI.3,0.4827,R,FEINGOLD,JOHNSON,-0.034599999999999964,-0.031450128351681775,0.029102134015551367,0.6,-0.007229223404788517
2020,AL,AL.2,0.3980369,R,JONES,TUBERVILLE,-0.20392619999999995,-0.30355974242257394,-0.31075012835168175,0.6,-0.30643589679421707
2020,AK,AK.2,0.4331686,R,GROSS,SULLIVAN,-0.13366279999999997,-0.15055974242257397,-0.19095012835168176,0.6,-0.1667158967942171
2020,AZ,AZ.3,0.5117023,D,KELLY,MCSALLY,0.02340460000000011,-0.04225974242257396,-0.061050128351681776,0.6,-0.04977589679421708
2020,CO,CO.2,0.5477068,D,HICKENLOOPER,GARDNER,0.0954136000000001,0.09344025757742605,0.030449871648318222,0.6,0.06824410320578292
2020,DE,DE.2,0.6106431,D,COONS,WITZKE,0.2212862,0.14714025757742605,0.09674987164831822,0.6,0.1269841032057829
2020,GA,GA.2,0.506,D,OSSOFF,PERDUE,0.01200000000000001,-0.04295974242257396,-0.07645012835168177,0.6,-0.056355896794217084
2020,GA,GA.3,0.51,D,WARNOCK,LOEFFLER,0.020000000000000018,-0.04295974242257396,-0.07645012835168177,0.6,-0.056355896794217084
2020,ID,ID.2,0.3468238,R,JORDAN,RISCH,-0.30635239999999997,-0.36285974242257396,-0.3894501283516818,0.6,-0.37349589679421713
2020,IL,IL.2,0.5856077,D,DURBIN,CURRAN,0.1712153999999999,0.12784025757742604,0.15714987164831823,0.6,0.1395641032057829
2020,IA,IA.2,0.465995,R,GREENFIELD,ERNST,-0.06801000000000001,-0.12905974242257395,-0.12455012835168178,0.6,-0.1272558967942171
2020,KS,KS.2,0.4398484,R,BOLLIER,MARSHALL,-0.12030320000000005,-0.19525974242257396,-0.24545012835168178,0.6,-0.2153358967942171
2020,KY,KY.2,0.3982707,R,MCGRATH,MCCONNELL,-0.20345860000000004,-0.30935974242257397,-0.3366501283516818,0.6,-0.3202758967942171
2020,LA,LA.2,0.3439,R,DEMOCRATS,CASSIDY,-0.31220000000000003,-0.23465974242257395,-0.22665012835168177,0.6,-0.23145589679421708
2020,ME,ME.2,0.4539744,R,GIDEON,COLLINS,-0.0920512,0.04804025757742604,0.008649871648318222,0.6,0.03228410320578291
2020,MA,MA.2,0.6668736,D,MARKEY,O'CONNOR,0.3337471999999999,0.29694025757742604,0.2697498716483182,0.6,0.2860641032057829
2020,MI,MI.2,0.5085609,D,PETERS,JAMES,0.017121799999999965,-0.017059742422573958,-0.025650128351681775,0.6,-0.020495896794217087
2020,MN,MN.2,0.5284042,D,SMITH,LEWIS,0.05680839999999998,0.027440257577426047,-0.006650128351681776,0.6,0.013804103205782918
2020,MS,MS.2,0.449206,R,ESPY,HYDE-SMITH,-0.10158800000000001,-0.21305974242257394,-0.20505012835168177,0.6,-0.20985589679421707
2020,MT,MT.2,0.4499,R,BULLOCK,DAINES,-0.10019999999999996,-0.21325974242257395,-0.24545012835168178,0.6,-0.22613589679421708
2020,NE,NE.2,0.280257,R,JANICEK,SASSE,-0.43948600000000004,-0.24105974242257397,-0.2942501283516818,0.6,-0.2623358967942171
2020,NH,NH.2,0.5801495,D,SHAHEEN,MESSNER,0.16029899999999997,0.02964025757742604,-0.019350128351681775,0.6,0.010044103205782914
2020,NJ,NJ.2,0.5830871,D,BOOKER,MEHTA,0.16617419999999994,0.11604025757742603,0.12244987164831822,0.6,0.11860410320578291
2020,NM,NM.2,0.5313816,D,LUJAN,RONCHETTI,0.06276320000000002,0.06504025757742604,0.06974987164831822,0.6,0.06692410320578292
2020,NC,NC.2,0.4908502,R,CUNNINGHAM,TILLIS,-0.01829959999999997,-0.05905974242257396,-0.06135012835168178,0.6,-0.05997589679421709
2020,OK,OK.2,0.3423584,R,BROYLES,INHOFE,-0.3152832,-0.38415974242257395,-0.4093501283516818,0.6,-0.39423589679421706
2020,OR,OR.2,0.5913956,D,MERKLEY,PERKINS,0.18279120000000004,0.12074025757742604,0.09984987164831823,0.6,0.11238410320578292
2020,RI,RI.2,0.6659321,D,REED,WATERS,0.33186420000000005,0.16664025757742604,0.1429498716483182,0.6,0.15716410320578292
2020,SC,SC.2,0.4479262,R,HARRISON,GRAHAM,-0.1041476,-0.16385974242257395,-0.17245012835168178,0.6,-0.16729589679421708
2020,SD,SD.2,0.3426,R,AHLERS,ROUNDS,-0.31479999999999997,-0.31405974242257395,-0.3426501283516818,0.6,-0.3254958967942171
2020,TN,TN.2,0.3611339,R,BRADSHAW,HAGERTY,-0.2777322,-0.28195974242257393,-0.2957501283516818,0.6,-0.2874758967942171
2020,TX,TX.2,0.4505032,R,HEGAR,CORNYN,-0.09899360000000001,-0.10195974242257395,-0.11755012835168177,0.6,-0.10819589679421708
2020,VA,VA.2,0.5604605,D,WARNER,GADE,0.12092100000000006,0.05774025757742604,0.033249871648318226,0.6,0.04794410320578291
2020,WV,WV.2,0.2775493,R,SWEARENGIN,CAPITO,-0.4449014,-0.441359742422574,-0.46645012835168176,0.6,-0.4513958967942171
2020,WY,WY.2,0.2686613,R,BEN DAVID,LUMMIS,-0.4626774,-0.49495974242257396,-0.5373501283516817,0.6,-0.5119158967942171
1982,AZ,AZ.1,0.5854,D,DECONCINI,DUNN,0.17080000000000006,-0.2610488246115536,-0.19504698355485883,0.6,-0.2346480881888757
1982,CA,CA.1,0.4649,R,BROWN,WILSON,-0.07020000000000004,-0.08614882461155357,-0.041146983554858824,0.6,-0.06814808818887567
1982,CT,CT.1,0.4776,R,MOFFETT,WEICKER,-0.04479999999999995,-0.007948824611553579,-0.07494698355485882,0.6,-0.034748088188875675
1982,DE,DE.1,0.4448,R,LEVINSON,ROTH,-0.11040000000000005,0.07785117538844642,0.03185301644514118,0.6,0.05945191181112433
1982,FL,FL.1,0.6173,D,CHILES,POOLE,0.23459999999999992,-0.07784882461155357,0.030853016445141178,0.6,-0.03436808818887567
1982,HI,HI.1,0.8249,D,MATSUNAGA,BROWN,0.6497999999999999,0.12485117538844642,0.0029530164451411767,0.6,0.07609191181112432
1982,IN,IN.1,0.4585,R,FITHIAN,LUGAR,-0.08299999999999996,-0.09274882461155357,-0.09974698355485882,0.6,-0.09554808818887567
1982,MA,MA.1,0.6138,D,KENNEDY,SHAMIE,0.22760000000000002,0.10135117538844643,0.13955301644514118,0.6,0.11663191181112434
1982,MD,MD.1,0.6346,D,SARBANES,HOGAN,0.2692000000000001,0.1355511753884464,0.03795301644514117,0.6,0.09651191181112431
1982,ME,ME.1,0.6087,D,MITCHELL,EMERY,0.21740000000000004,0.06495117538844643,-0.03134698355485882,0.6,0.02643191181112433
1982,MI,MI.1,0.5856,D,RIEGLE,RUPPE,0.17120000000000002,0.03225117538844642,-0.07764698355485883,0.6,-0.011708088188875681
1982,MN,MN.1,0.4696,R,DAYTON,DURENBERGER,-0.060799999999999965,0.14745117538844643,0.11005301644514118,0.6,0.13249191181112432
1982,MO,MO.1,0.4915,R,WOODS,DANFORTH,-0.017000000000000015,0.03185117538844642,0.014053016445141175,0.6,0.024731911811124323
1982,MS,MS.1,0.642,D,STENNIS,BARBOUR,0.28400000000000003,0.08955117538844642,-0.0033469835548588234,0.6,0.05239191181112433
1982,MT,MT.1,0.5665,D,MELCHER,WILLIAMS,0.133,-0.17014882461155356,-0.09844698355485883,0.6,-0.14146808818887568
1982,ND,ND.1,0.6487,D,BURDICK,KNORR,0.2974000000000001,-0.31644882461155355,-0.08354698355485882,0.6,-0.22328808818887566
1982,NE,NE.1,0.6999,D,ZORINSKY,KECK,0.39979999999999993,-0.32844882461155356,-0.23524698355485882,0.6,-0.2911680881888757
1982,NJ,NJ.1,0.5161,D,LAUTENBERG,FENWICK,0.032200000000000006,-0.04504882461155357,-0.04474698355485882,0.6,-0.04492808818887567
1982,NM,NM.1,0.5377,D,BINGAMAN,SCHMITT,0.07539999999999991,-0.09504882461155356,-0.04764698355485882,0.6,-0.07608808818887566
1982,NV,NV.1,0.488,R,CANNON,HECHT,-0.02400000000000002,-0.2953488246115536,-0.06814698355485882,0.6,-0.20446808818887569
1982,NY,NY.1,0.6558,D,MOYNIHAN,SULLIVAN,0.3116000000000001,0.12005117538844642,0.04615301644514118,0.6,0.09049191181112433
1982,OH,OH.1,0.5794,D,METZENBAUM,PFEIFER,0.15880000000000005,-0.011548824611553571,-0.020446983554858824,0.6,-0.015108088188875674
1982,PA,PA.1,0.3981,R,WECHT,HEINZ,-0.20379999999999998,0.02595117538844642,0.004353016445141175,0.6,0.017311911811124323
1982,RI,RI.1,0.488,R,MICHAELSON,CHAFEE,-0.02400000000000002,0.22645117538844645,0.09065301644514118,0.6,0.17213191181112433
1982,TN,TN.1,0.6193,D,SASSER,BEARD,0.23859999999999992,0.10015117538844642,0.10875301644514118,0.6,0.10359191181112433
1982,TX,TX.1,0.5913,D,BENTSEN,COLLINS,0.1826000000000001,-0.040148824611553585,0.009253016445141177,0.6,-0.020388088188875678
1982,UT,UT.1,0.415,R,WILSON,HATCH,-0.17000000000000004,-0.4561488246115536,-0.3223469835548588,0.6,-0.4026280881888757
1982,VA,VA.1,0.4881,R,DAVIS,TRIBLE,-0.023800000000000043,-0.03314882461155358,-0.03644698355485883,0.6,-0.03446808818887568
1982,VT,VT.1,0.4844,R,GUEST,STAFFORD,-0.031200000000000006,0.03135117538844642,-0.14954698355485882,0.6,-0.04100808818887568
1982,WA,WA.1,0.7396,D,JACKSON,JEWETT,0.47920000000000007,-0.03874882461155357,-0.06314698355485882,0.6,-0.04850808818887567
1982,WI,WI.1,0.6509,D,PROXMIRE,MCCALLUM,0.30180000000000007,0.05135117538844643,-0.005546983554858824,0.6,0.028591911811124325
1982,WV,WV.1,0.69,D,BYRD,BENEDICT,0.3799999999999999,0.15055117538844642,0.13865301644514116,0.6,0.14579191181112433
1982,WY,WY.1,0.4334,R,MCDANIEL,WALLOP,-0.13319999999999999,-0.27954882461155356,-0.21944698355485884,0.6,-0.25550808818887566
1986,AK,AK.3,0.4494,R,OLDS,MURKOWSKI,-0.10119999999999996,-0.19863297615950604,-0.24284882461155355,0.6,-0.21631931554032505
1986,AL,AL.3,0.5028,D,SHELBY,DENTON,0.005600000000000049,-0.04283297615950604,0.08965117538844643,0.6,0.010160684459674944
1986,AR,AR.3,0.6228,D,BUMPERS,HUTCHINSON,0.24560000000000004,-0.042132976159506036,0.09675117538844642,0.6,0.01342068445967495
1986,AZ,AZ.3,0.3952,R,KIMBALL,MCCAIN,-0.2096,-0.15983297615950603,-0.2610488246115536,0.6,-0.20031931554032506
1986,CA,CA.3,0.5073,D,CRANSTON,ZSCHAU,0.014599999999999946,0.01796702384049395,-0.08614882461155357,0.6,-0.023679315540325062
1986,CO,CO.3,0.5079,D,WIRTH,KRAMER,0.015800000000000036,-0.10483297615950604,-0.1754488246115536,0.6,-0.13307931554032504
1986,CT,CT.3,0.6502,D,DODD,EDDY,0.3004,-0.03753297615950604,-0.007948824611553579,0.6,-0.025699315540325056
1986,FL,FL.3,0.5474,D,GRAHAM,HAWKINS,0.0948,-0.12413297615950603,-0.07784882461155357,0.6,-0.10561931554032504
1986,GA,GA.3,0.5092,D,FOWLER,MATTINGLY,0.018399999999999972,-0.02153297615950603,0.25635117538844643,0.6,0.08962068445967496
1986,HI,HI.3,0.7357,D,INOUYE,HUTCHINSON,0.47140000000000004,0.06836702384049397,0.12485117538844642,0.6,0.09096068445967495
1986,IA,IA.3,0.3371,R,ROEHRICK,GRASSLEY,-0.3258,0.10796702384049396,-0.03814882461155358,0.6,0.04952068445967493
1986,ID,ID.3,0.4844,R,EVANS,SYMMS,-0.031200000000000006,-0.28303297615950607,-0.34714882461155355,0.6,-0.30867931554032507
1986,IL,IL.3,0.6587,D,DIXON,KOEHLER,0.3173999999999999,0.052967023840493954,0.016351175388446423,0.6,0.038320684459674945
1986,IN,IN.3,0.3887,R,LONG,QUAYLE,-0.22260000000000002,-0.059032976159506034,-0.09274882461155357,0.6,-0.07251931554032505
1986,KS,KS.3,0.2995,R,MACDONALD,DOLE,-0.401,-0.15813297615950606,-0.1663488246115536,0.6,-0.16141931554032507
1986,KY,KY.3,0.744,D,FORD,ANDREWS,0.488,-0.024832976159506054,0.08885117538844642,0.6,0.020640684459674936
1986,LA,LA.3,0.5282,D,BREAUX,MOORE,0.056400000000000006,-0.045932976159506034,0.046951175388446426,0.6,-0.008779315540325048
1986,MD,MD.3,0.6069,D,MIKULSKI,CHAVEZ,0.2138,0.12726702384049396,0.1355511753884464,0.6,0.13058068445967494
1986,MO,MO.3,0.4736,R,WOODS,BOND,-0.05279999999999996,-0.018032976159506053,0.03185117538844642,0.6,0.0019206844596749376
1986,NC,NC.3,0.5088,D,SANFORD,BROYHILL,0.01760000000000006,-0.05813297615950605,0.08115117538844643,0.6,-0.002419315540325054
1986,ND,ND.3,0.5037,D,CONRAD,ANDREWS,0.007400000000000073,-0.13223297615950602,-0.31644882461155355,0.6,-0.20591931554032505
1986,NH,NH.3,0.3396,R,PEABODY,RUDMAN,-0.3208,-0.19623297615950602,-0.23824882461155356,0.6,-0.21303931554032501
1986,NV,NV.3,0.529,D,REID,SANTINI,0.05800000000000005,-0.16383297615950604,-0.2953488246115536,0.6,-0.21643931554032508
1986,NY,NY.3,0.4202,R,GREEN,D'AMATO,-0.15959999999999996,0.12366702384049397,0.12005117538844642,0.6,0.12222068445967496
1986,OH,OH.3,0.6245,D,GLENN,KINDNESS,0.2490000000000001,-0.006932976159506055,-0.011548824611553571,0.6,-0.008779315540325062
1986,OK,OK.3,0.4479,R,JONES,NICKLES,-0.10419999999999996,-0.19973297615950603,-0.1642488246115536,0.6,-0.18553931554032504
1986,OR,OR.3,0.3641,R,BAUMAN,PACKWOOD,-0.27180000000000004,0.06036702384049396,-0.007948824611553579,0.6,0.033040684459674945
1986,PA,PA.3,0.4317,R,EDGAR,SPECTER,-0.13660000000000005,0.10846702384049396,0.02595117538844642,0.6,0.07546068445967495
1986,SC,SC.3,0.6391,D,HOLLINGS,MCMASTER,0.2782,-0.09993297615950603,0.09045117538844642,0.6,-0.023779315540325044
1986,SD,SD.3,0.516,D,DASCHLE,ABDNOR,0.03200000000000003,-0.08353297615950606,-0.20954882461155355,0.6,-0.13393931554032507
1986,UT,UT.3,0.2686,R,OLIVER,GARN,-0.4628,-0.319932976159506,-0.4561488246115536,0.6,-0.37441931554032504
1986,VT,VT.3,0.6467,D,LEAHY,SNELLING,0.2934000000000001,0.009167023840493949,0.03135117538844642,0.6,0.01804068445967494
1986,WA,WA.3,0.51,D,ADAMS,GORTON,0.020000000000000018,0.045567023840493964,-0.03874882461155357,0.6,0.011840684459674948
1986,WI,WI.3,0.4823,R,GARVEY,KASTEN,-0.03539999999999999,0.09006702384049396,0.05135117538844643,0.6,0.07458068445967495
1990,AK,AK.2,0.3271,R,BEASLEY,STEVENS,-0.3458,-0.16665089422265342,-0.19863297615950604,0.6,-0.17944372699739447
1990,AL,AL.2,0.6057,D,HEFLIN,CABANISS,0.21140000000000003,-0.11825089422265342,-0.04283297615950604,0.6,-0.08808372699739447
1990,CO,CO.2,0.428,R,HEATH,BROWN,-0.14400000000000002,-0.0024508942226534325,-0.10483297615950604,0.6,-0.04340372699739448
1990,DE,DE.2,0.6363,D,BIDEN,BRADY,0.27259999999999995,-0.04815089422265342,-0.01663297615950604,0.6,-0.03554372699739447
1990,HI,HI.1,0.5477,D,AKAKA,SAIKI,0.09539999999999993,0.1727491057773466,0.06836702384049397,0.6,0.13099627300260552
1990,IA,IA.2,0.5453,D,HARKIN,TAUKE,0.09060000000000001,0.17964910577734655,0.10796702384049396,0.6,0.15097627300260552
1990,ID,ID.2,0.3871,R,TWILEGAR,CRAIG,-0.2258,-0.1891508942226534,-0.28303297615950607,0.6,-0.22670372699739447
1990,IL,IL.2,0.6507,D,SIMON,MARTIN,0.3013999999999999,0.055649105777346566,0.052967023840493954,0.6,0.05457627300260552
1990,IN,IN.3,0.4636,R,HILL,COATS,-0.07279999999999998,-0.12585089422265344,-0.059032976159506034,0.6,-0.09912372699739448
1990,KS,KS.2,0.264,R,WILLIAMS,KASSEBAUM,-0.472,-0.057950894222653426,-0.15813297615950606,0.6,-0.09802372699739448
1990,KY,KY.2,0.4781,R,SLOANE,MCCONNELL,-0.04379999999999995,-0.040450894222653425,-0.024832976159506054,0.6,-0.034203726997394476
1990,MA,MA.2,0.571,D,KERRY,RAPPAPORT,0.1419999999999999,0.15634910577734656,0.15446702384049396,0.6,0.15559627300260553
1990,ME,ME.2,0.3865,R,ROLDE,COHEN,-0.22699999999999998,-0.03875089422265343,-0.038932976159506055,0.6,-0.03882372699739448
1990,MI,MI.2,0.5823,D,LEVIN,SCHUETTE,0.16460000000000008,-0.002950894222653433,-0.008432976159506028,0.6,-0.005143726997394471
1990,MN,MN.2,0.5134,D,WELLSTONE,BOSCHWITZ,0.026799999999999935,0.14764910577734658,0.18426702384049395,0.6,0.16229627300260552
1990,MT,MT.2,0.6987,D,BAUCUS,KOLSTAD,0.3974,0.016849105777346572,-0.04353297615950605,0.6,-0.007303726997394476
1990,NC,NC.2,0.4744,R,GANTT,HELMS,-0.05120000000000002,-0.08655089422265344,-0.05813297615950605,0.6,-0.07518372699739448
1990,NE,NE.2,0.5901,D,EXON,DAUB,0.18019999999999992,-0.13445089422265344,-0.23763297615950602,0.6,-0.17572372699739447
1990,NH,NH.2,0.3248,R,DURKIN,SMITH,-0.35040000000000004,-0.18805089422265342,-0.19623297615950602,0.6,-0.19132372699739447
1990,NJ,NJ.2,0.5155,D,BRADLEY,WHITMAN,0.030999999999999917,-0.06135089422265344,-0.027932976159506046,0.6,-0.047983726997394484
1990,NM,NM.2,0.2705,R,BENAVIDES,DOMENICI,-0.45899999999999996,0.02644910577734657,-0.02453297615950603,0.6,0.006056273002605528
1990,OK,OK.2,0.8318,D,BOREN,JONES,0.6636,-0.09115089422265343,-0.19973297615950603,0.6,-0.13458372699739446
1990,OR,OR.2,0.4625,R,LONSDALE,HATFIELD,-0.07499999999999996,0.12434910577734656,0.06036702384049396,0.6,0.09875627300260553
1990,RI,RI.2,0.6183,D,PELL,SCHNEIDER,0.23659999999999992,0.19424910577734655,0.14586702384049396,0.6,0.17489627300260552
1990,SC,SC.2,0.3362,R,CUNNINGHAM,THURMOND,-0.3276,-0.16475089422265343,-0.09993297615950603,0.6,-0.13882372699739448
1990,SD,SD.2,0.4625,R,MUENSTER,PRESSLER,-0.07499999999999996,0.012849105777346576,-0.08353297615950606,0.6,-0.025703726997394476
1990,TN,TN.2,0.6943,D,GORE,HAWKINS,0.38860000000000006,-0.08775089422265342,0.018867023840493963,0.6,-0.04510372699739446
1990,TX,TX.2,0.3831,R,PARMER,GRAMM,-0.2338,-0.05025089422265344,-0.09323297615950604,0.6,-0.06744372699739448
1990,WV,WV.2,0.6832,D,ROCKEFELLER IV,YODER,0.36640000000000006,0.12414910577734657,0.07706702384049396,0.6,0.10531627300260553
1990,WY,WY.2,0.3606,R,HELLING,SIMPSON,-0.27880000000000005,-0.15185089422265344,-0.24553297615950603,0.6,-0.18932372699739447
1994,AZ,AZ.1,0.4241,R,COPPERSMITH,KYL,-0.15180000000000005,-0.09841391676307373,-0.13825089422265344,0.6,-0.11434870774690561
1994,CA,CA.1,0.5104,D,FEINSTEIN,HUFFINGTON,0.02079999999999993,0.09788608323692627,0.04054910577734657,0.6,0.07495129225309438
1994,CT,CT.1,0.6837,D,LIEBERMAN,LABRIOLA,0.36739999999999995,0.010086083236926266,0.02504910577734657,0.6,0.01607129225309439
1994,DE,DE.1,0.4322,R,OBERLY,ROTH,-0.13560000000000005,0.03158608323692626,-0.04815089422265342,0.6,-3.0870774690561556e-4
1994,FL,FL.1,0.2948,R,RODHAM,MACK,-0.4104,-0.09631391676307374,-0.14835089422265343,0.6,-0.11712870774690562
1994,HI,HI.1,0.748,D,AKAKA,HUSTACE,0.496,0.061986083236926254,0.1727491057773466,0.6,0.10629129225309439
1994,IN,IN.1,0.3117,R,JONTZ,LUGAR,-0.37660000000000005,-0.14911391676307373,-0.12585089422265344,0.6,-0.13980870774690562
1994,MA,MA.1,0.5861,D,KENNEDY,ROMNEY,0.1721999999999999,0.16938608323692625,0.15634910577734656,0.6,0.16417129225309438
1994,MD,MD.1,0.591,D,SARBANES,BROCK,0.18199999999999994,0.09358608323692627,0.04734910577734657,0.6,0.07509129225309438
1994,ME,ME.1,0.3764,R,ANDREWS,SNOWE,-0.24719999999999998,0.04868608323692626,-0.03875089422265343,0.6,0.013711292253094382
1994,MI,MI.1,0.4518,R,CARR,ABRAHAM,-0.09640000000000004,0.019886083236926255,-0.002950894222653433,0.6,0.01075129225309438
1994,MN,MN.1,0.4734,R,WYNIA,GRAMS,-0.053200000000000025,0.08198608323692627,0.14764910577734658,0.6,0.10825129225309439
1994,MO,MO.1,0.3741,R,WHEAT,ASHCROFT,-0.2518,0.057686083236926256,0.03674910577734657,0.6,0.04931129225309438
1994,MS,MS.1,0.312,R,HARPER,LOTT,-0.376,-0.17101391676307373,-0.13375089422265343,0.6,-0.1561087077469056
1994,MT,MT.1,0.3763,R,MUDD,BURNS,-0.24739999999999995,-0.037913916763073735,0.016849105777346572,0.6,-0.01600870774690561
1994,ND,ND.1,0.5798,D,CONRAD,CLAYBURGH,0.15959999999999996,-0.22991391676307374,-0.05525089422265342,0.6,-0.1600487077469056
1994,NE,NE.1,0.549,D,KERREY,STONEY,0.09800000000000009,-0.29861391676307375,-0.13445089422265344,0.6,-0.23294870774690563
1994,NJ,NJ.1,0.5168,D,LAUTENBERG,HAYTAIAN,0.033600000000000074,-0.044013916763073736,-0.06135089422265344,0.6,-0.05094870774690562
1994,NM,NM.1,0.5399,D,BINGAMAN,MCMILLAN,0.0798000000000001,0.030386083236926265,0.02644910577734657,0.6,0.028811292253094388
1994,NV,NV.1,0.554,D,BRYAN,FURMAN,0.1080000000000001,-0.03591391676307374,-0.13975089422265344,0.6,-0.07744870774690563
1994,NY,NY.1,0.571,D,MOYNIHAN,CASTRO,0.1419999999999999,0.16978608323692626,0.1450491057773466,0.6,0.1598912922530944
1994,OH,OH.1,0.4233,R,HYATT,DEWINE,-0.15339999999999998,-0.049013916763073734,-0.03285089422265343,0.6,-0.04254870774690561
1994,OK,OK.2,0.4198,R,MCCURDY,INHOFE,-0.1604,-0.18481391676307374,-0.09115089422265343,0.6,-0.14734870774690562
1994,PA,PA.1,0.4871,R,WOFFORD,SANTORUM,-0.025800000000000045,0.038586083236926264,0.05324910577734657,0.6,0.04445129225309438
1994,RI,RI.1,0.3548,R,KUSHNER,CHAFEE,-0.2904,0.16448608323692626,0.19424910577734655,0.6,0.17639129225309436
1994,TN,TN.1,0.4276,R,SASSER,FRIST,-0.14480000000000004,-0.02041391676307374,-0.08775089422265342,0.6,-0.04734870774690561
1994,TN,TN.2,0.3898,R,COOPER,THOMPSON,-0.22040000000000004,-0.02041391676307374,-0.08775089422265342,0.6,-0.04734870774690561
1994,TX,TX.1,0.3864,R,FISHER,HUTCHISON,-0.22719999999999996,-0.11721391676307374,-0.05025089422265344,0.6,-0.09042870774690562
1994,UT,UT.1,0.2914,R,SHEA,HATCH,-0.4172,-0.34751391676307375,-0.2711508942226534,0.6,-0.3169687077469056
1994,VA,VA.1,0.5154,D,ROBB,NORTH,0.03079999999999994,-0.12351391676307374,-0.13055089422265342,0.6,-0.12632870774690563
1994,VT,VT.1,0.4464,R,BACKUS,JEFFORDS,-0.10719999999999996,0.13268608323692627,0.04104910577734657,0.6,0.0960312922530944
1994,WA,WA.1,0.4425,R,SIMS,GORTON,-0.11499999999999999,0.07938608323692625,0.09284910577734656,0.6,0.08477129225309438
1994,WI,WI.1,0.5889,D,KOHL,WELCH,0.17779999999999996,-0.01651391676307374,0.11314910577734658,0.6,0.035351292253094385
1994,WV,WV.1,0.6901,D,BYRD,KLOS,0.3802000000000001,0.08298608323692627,0.12414910577734657,0.6,0.0994512922530944
1994,WY,WY.1,0.4004,R,SULLIVAN,THOMAS,-0.19920000000000004,-0.14821391676307374,-0.15185089422265344,0.6,-0.14966870774690563
1998,AK,AK.3,0.2093,R,SONNEMAN,MURKOWSKI,-0.5813999999999999,-0.30468048051700414,-0.20391391676307374,0.6,-0.264373855015432
1998,AL,AL.3,0.3672,R,SUDDITH,SHELBY,-0.26559999999999995,-0.17078048051700412,-0.14881391676307373,0.6,-0.16199385501543195
1998,AR,AR.3,0.566,D,LINCOLN,BOOZMAN,0.1319999999999999,0.09101951948299586,0.12738608323692627,0.6,0.10556614498456801
1998,AZ,AZ.3,0.2832,R,RANGER,MCCAIN,-0.4336,-0.07158048051700414,-0.09841391676307373,0.6,-0.08231385501543198
1998,CA,CA.3,0.5523,D,BOXER,FONG,0.10460000000000003,0.04821951948299588,0.09788608323692627,0.6,0.06808614498456804
1998,CO,CO.3,0.3591,R,LAMM,CAMPBELL,-0.28180000000000005,-0.11128048051700414,-0.016413916763073737,0.6,-0.07333385501543198
1998,CT,CT.3,0.6681,D,DODD,FRANKS,0.33620000000000005,0.11121951948299588,0.010086083236926266,0.6,0.07076614498456803
1998,FL,FL.3,0.6247,D,GRAHAM,CRIST,0.24940000000000007,-0.032980480517004127,-0.09631391676307374,0.6,-0.05831385501543197
1998,GA,GA.3,0.463,R,COLES,COVERDELL,-0.07399999999999995,-0.10868048051700413,-0.06561391676307374,0.6,-0.09145385501543198
1998,HI,HI.3,0.8163,D,INOUYE,YOUNG,0.6326,0.18941951948299585,0.061986083236926254,0.6,0.138446144984568
1998,IA,IA.3,0.3083,R,OSTERBERG,GRASSLEY,-0.38339999999999996,0.018619519482995867,0.0022860832369262646,0.6,0.012086144984568026
1998,ID,ID.3,0.2899,R,MAUK,CRAPO,-0.4202,-0.3120804805170041,-0.2656139167630738,0.6,-0.29349385501543196
1998,IL,IL.3,0.4852,R,MOSELEY BRAUN,FITZGERALD,-0.02959999999999996,0.09601951948299586,0.09938608323692627,0.6,0.09736614498456803
1998,IN,IN.3,0.6468,D,BAYH,HELMKE,0.2936000000000001,-0.15908048051700413,-0.14911391676307373,0.6,-0.155093855015432
1998,KS,KS.3,0.3261,R,FELECIANO,BROWNBACK,-0.3478,-0.29748048051700415,-0.14321391676307374,0.6,-0.235773855015432
1998,KY,KY.3,0.497,R,BAESLER,BUNNING,-0.006000000000000005,-0.08548048051700413,-0.035013916763073735,0.6,-0.06529385501543197
1998,LA,LA.3,0.6693,D,BREAUX,DONELON,0.3386,0.03511951948299588,-0.019113916763073738,0.6,0.013426144984568032
1998,MD,MD.3,0.705,D,MIKULSKI,PIERPONT,0.4099999999999999,0.07671951948299588,0.09358608323692627,0.6,0.08346614498456803
1998,MO,MO.3,0.4538,R,NIXON,BOND,-0.09240000000000004,-0.025180480517004125,0.057686083236926256,0.6,0.007966144984568031
1998,NC,NC.3,0.5211,D,EDWARDS,FAIRCLOTH,0.042200000000000015,-0.14668048051700414,-0.08161391676307374,0.6,-0.12065385501543197
1998,ND,ND.3,0.6424,D,DORGAN,NALEWAJA,0.28479999999999994,-0.17428048051700412,-0.22991391676307374,0.6,-0.19653385501543197
1998,NH,NH.3,0.294,R,CONDODEMETRAKY,GREGG,-0.41200000000000003,0.016119519482995864,-0.05651391676307374,0.6,-0.012933855015431978
1998,NV,NV.3,0.5005,D,REID,ENSIGN,9.999999999998899e-4,-0.08438048051700413,-0.03591391676307374,0.6,-0.06499385501543198
1998,NY,NY.3,0.5534,D,SCHUMER,D'AMATO,0.1068,0.2585195194829959,0.16978608323692626,0.6,0.22302614498456805
1998,OH,OH.3,0.4354,R,BOYLE,VOINOVICH,-0.12919999999999998,-0.024180480517004124,-0.049013916763073734,0.6,-0.03411385501543197
1998,OK,OK.3,0.3203,R,CARROLL,NICKLES,-0.35940000000000005,-0.18408048051700412,-0.18481391676307374,0.6,-0.18437385501543196
1998,OR,OR.3,0.6437,D,WYDEN,LIM,0.2874000000000001,-0.0021804805170041325,0.060286083236926274,0.6,0.02280614498456803
1998,PA,PA.3,0.3619,R,LLOYD,SPECTER,-0.2762,0.00711951948299587,0.038586083236926264,0.6,0.019706144984568026
1998,SC,SC.3,0.5357,D,HOLLINGS,INGLIS,0.07139999999999991,-0.15828048051700414,-0.11951391676307374,0.6,-0.14277385501543197
1998,SD,SD.3,0.6306,D,DASCHLE,SCHMIDT,0.2612000000000001,-0.13478048051700414,-0.11761391676307373,0.6,-0.12791385501543198
1998,UT,UT.3,0.3401,R,LECKMAN,BENNETT,-0.3198,-0.33648048051700413,-0.34751391676307375,0.6,-0.340893855015432
1998,VT,VT.3,0.7628,D,LEAHY,TUTTLE,0.5256000000000001,0.16761951948299586,0.13268608323692627,0.6,0.15364614498456802
1998,WA,WA.3,0.5841,D,MURRAY,SMITH,0.1681999999999999,0.04781951948299587,0.07938608323692625,0.6,0.060446144984568025
1998,WI,WI.3,0.5108,D,FEINGOLD,NEUMANN,0.021600000000000064,0.022319519482995875,-0.01651391676307374,0.6,0.006786144984568029
2002,AK,AK.2,0.1185,R,VONDERSAAR,STEVENS,-0.763,-0.3638334583694806,-0.30468048051700414,0.6,-0.34017226722849003
2002,AL,AL.2,0.4047,R,PARKER,SESSIONS,-0.1906,-0.1572334583694806,-0.17078048051700412,0.6,-0.16265226722849002
2002,AR,AR.2,0.539,D,PRYOR,HUTCHINSON,0.07800000000000007,-0.061133458369480594,0.09101951948299586,0.6,-2.7226722849000434e-4
2002,CO,CO.2,0.4745,R,STRICKLAND,ALLARD,-0.051000000000000045,-0.0948334583694806,-0.11128048051700414,0.6,-0.10141226722849
2002,DE,DE.2,0.5879,D,BIDEN,CLATWORTHY,0.17579999999999996,0.1296665416305194,0.07641951948299586,0.6,0.10836773277150999
2002,GA,GA.2,0.4653,R,CLELAND,CHAMBLISS,-0.06940000000000002,-0.1248334583694806,-0.10868048051700413,0.6,-0.11837226722849001
2002,IA,IA.2,0.5531,D,HARKIN,GANSKE,0.10620000000000007,-0.0018334583694805924,0.018619519482995867,0.6,0.006347732771509991
2002,ID,ID.2,0.3331,R,BLINKEN,CRAIG,-0.3338,-0.4221334583694806,-0.3120804805170041,0.6,-0.37811226722848995
2002,IL,IL.2,0.6134,D,DURBIN,DURKIN,0.2267999999999999,0.11846654163051941,0.09601951948299586,0.6,0.10948773277151
2002,KY,KY.2,0.3532,R,WEINBERG,MCCONNELL,-0.29359999999999997,-0.15973345836948058,-0.08548048051700413,0.6,-0.13003226722848998
2002,LA,LA.2,0.517,D,LANDRIEU,TERRELL,0.03400000000000003,-0.08393345836948059,0.03511951948299588,0.6,-0.03631226722849
2002,ME,ME.2,0.4156,R,PINGREE,COLLINS,-0.16879999999999995,0.04986654163051941,0.15711951948299585,0.6,0.09276773277150999
2002,MI,MI.2,0.6154,D,LEVIN,RACZKOWSKI,0.2307999999999999,0.047566541630519404,0.05041951948299586,0.6,0.048707732771509984
2002,MN,MN.2,0.4887,R,MONDALE,COLEMAN,-0.022599999999999953,0.020566541630519408,0.09151951948299586,0.6,0.04894773277150999
2002,MO,MO.1,0.4943,R,CARNAHAN,TALENT,-0.011399999999999966,-0.039333458369480594,-0.025180480517004125,0.6,-0.033672267228490003
2002,MT,MT.2,0.6641,D,BAUCUS,TAYLOR,0.32820000000000005,-0.2782334583694806,-0.12978048051700414,0.6,-0.21885226722849002
2002,NC,NC.2,0.4563,R,BOWLES,DOLE,-0.08740000000000003,-0.1344334583694806,-0.14668048051700414,0.6,-0.13933226722849001
2002,NE,NE.2,0.1503,R,MATULKA,HAGEL,-0.6994,-0.3087334583694806,-0.30718048051700414,0.6,-0.30811226722849
2002,NH,NH.2,0.4773,R,SHAHEEN,SUNUNU,-0.045399999999999996,-0.018533458369480595,0.016119519482995864,0.6,-0.00467226722849001
2002,NJ,NJ.2,0.5507,D,LAUTENBERG,FORRESTER,0.10139999999999993,0.15906654163051942,0.10321951948299588,0.6,0.13672773277151
2002,NM,NM.2,0.3496,R,TRISTANI,DOMENICI,-0.30079999999999996,-0.004533458369480593,-0.015580480517004128,0.6,-0.008952267228490006
2002,OK,OK.2,0.3879,R,WALTERS,INHOFE,-0.22419999999999995,-0.22673345836948058,-0.18408048051700412,0.6,-0.20967226722849003
2002,OR,OR.2,0.4134,R,BRADBURY,SMITH,-0.17320000000000002,-4.3345836948059224e-4,-0.0021804805170041325,0.6,-0.0011322672284900083
2002,RI,RI.2,0.7843,D,REED,TINGLE,0.5686,0.3078665416305194,0.28401951948299586,0.6,0.29832773277151
2002,SC,SC.2,0.4482,R,SANDERS,GRAHAM,-0.10360000000000003,-0.1683334583694806,-0.15828048051700414,0.6,-0.16431226722849002
2002,SD,SD.2,0.5008,D,JOHNSON,THUNE,0.0016000000000000458,-0.2374334583694806,-0.13478048051700414,0.6,-0.19637226722849002
2002,TN,TN.2,0.4496,R,CLEMENT,ALEXANDER,-0.1008,-0.044433458369480594,-0.07038048051700413,0.6,-0.05481226722849
2002,TX,TX.2,0.4393,R,KIRK,CORNYN,-0.12139999999999995,-0.22423345836948058,-0.14928048051700413,0.6,-0.19425226722849
2002,WV,WV.2,0.6311,D,ROCKEFELLER IV,WOLFE,0.2622,-0.06993345836948059,0.07101951948299587,0.6,-0.013552267228490004
2002,WY,WY.2,0.2705,R,CORCORAN,ENZI,-0.45899999999999996,-0.42473345836948057,-0.24588048051700412,0.6,-0.35319226722848995
2006,AZ,AZ.1,0.4492,R,PEDERSON,KYL,-0.10160000000000002,-0.08083975926855415,-0.07083345836948059,0.6,-0.07683723890892472
2006,CA,CA.1,0.6293,D,FEINSTEIN,MOUNTJOY,0.25859999999999994,0.12546024073144585,0.11896654163051941,0.6,0.12286276109107527
2006,DE,DE.1,0.7098,D,CARPER,TING,0.4196,0.10126024073144585,0.1296665416305194,0.6,0.11262276109107527
2006,FL,FL.1,0.6128,D,NELSON,HARRIS,0.22560000000000002,-0.025839759268554155,-0.005233458369480593,0.6,-0.01759723890892473
2006,HI,HI.1,0.6252,D,AKAKA,THIELEN,0.25039999999999996,0.11276024073144585,0.19136654163051942,0.6,0.14420276109107527
2006,MA,MA.1,0.6941,D,KENNEDY,CHASE,0.3882000000000001,0.27956024073144586,0.2906665416305194,0.6,0.28400276109107525
2006,MD,MD.1,0.5509,D,CARDIN,STEELE,0.10179999999999989,0.15596024073144585,0.1634665416305194,0.6,0.15896276109107527
2006,ME,ME.1,0.2181,R,BRIGHT,SNOWE,-0.5638000000000001,0.11636024073144585,0.04986654163051941,0.6,0.08976276109107527
2006,MI,MI.1,0.5797,D,STABENOW,BOUCHARD,0.1594,0.05916024073144585,0.047566541630519404,0.6,0.054522761091075275
2006,MN,MN.1,0.6048,D,KLOBUCHAR,KENNEDY,0.2096,0.05986024073144585,0.020566541630519408,0.6,0.044142761091075275
2006,MO,MO.1,0.5117,D,MCCASKILL,TALENT,0.023400000000000087,-0.04773975926855416,-0.039333458369480594,0.6,-0.044377238908924733
2006,MS,MS.1,0.3542,R,FLEMING,LOTT,-0.29159999999999997,-0.16543975926855414,-0.1772334583694806,0.6,-0.17015723890892473
2006,MT,MT.1,0.5045,D,TESTER,BURNS,0.008999999999999897,-0.18533975926855414,-0.2782334583694806,0.6,-0.22249723890892473
2006,ND,ND.1,0.6998,D,CONRAD,GROTBERG,0.39959999999999996,-0.25353975926855415,-0.2996334583694806,0.6,-0.2719772389089247
2006,NE,NE.1,0.6388,D,NELSON,RICKETTS,0.27760000000000007,-0.31223975926855413,-0.3087334583694806,0.6,-0.31083723890892473
2006,NJ,NJ.1,0.5814,D,MENENDEZ,KEAN,0.16280000000000006,0.09206024073144585,0.15906654163051942,0.6,0.11886276109107527
2006,NM,NM.1,0.7065,D,BINGAMAN,MCCULLOCH,0.41300000000000003,0.016660240731445848,-0.004533458369480593,0.6,0.00818276109107527
2006,NV,NV.1,0.4254,R,CARTER,ENSIGN,-0.1492,-0.0017397592685541516,-0.042233458369480593,0.6,-0.01793723890892473
2006,NY,NY.1,0.6836,D,CLINTON,SPENCER,0.36719999999999997,0.22126024073144585,0.2663665416305194,0.6,0.23930276109107526
2006,OH,OH.1,0.5618,D,BROWN,DEWINE,0.12359999999999993,0.003460240731445848,-0.04193345836948059,0.6,-0.01469723890892473
2006,PA,PA.1,0.5868,D,CASEY,SANTORUM,0.17359999999999998,0.04986024073144585,0.037866541630519404,0.6,0.045062761091075265
2006,RI,RI.1,0.5352,D,WHITEHOUSE,CHAFEE,0.07040000000000002,0.23626024073144586,0.3078665416305194,0.6,0.26490276109107525
2006,TN,TN.1,0.4862,R,FORD,CORKER,-0.027599999999999958,-0.11903975926855415,-0.044433458369480594,0.6,-0.08919723890892473
2006,TX,TX.1,0.3688,R,RADNOFSKY,HUTCHISON,-0.26239999999999997,-0.20553975926855414,-0.22423345836948058,0.6,-0.2130172389089247
2006,UT,UT.1,0.3325,R,ASHDOWN,HATCH,-0.33499999999999996,-0.44223975926855413,-0.4396334583694806,0.6,-0.4411972389089247
2006,VA,VA.1,0.502,D,WEBB,ALLEN,0.0040000000000000036,-0.05803975926855415,-0.0880334583694806,0.6,-0.07003723890892473
2006,VT,VT.1,0.669,D,SANDERS,TARRANT,0.3380000000000001,0.23066024073144584,0.1036665416305194,0.6,0.17986276109107527
2006,WA,WA.1,0.5874,D,CANTWELL,MCGAVICK,0.17480000000000007,0.09756024073144585,0.05376654163051941,0.6,0.08004276109107528
2006,WI,WI.1,0.6954,D,KOHL,LORGE,0.39080000000000004,0.02846024073144585,-0.0028334583694805925,0.6,0.015942761091075272
2006,WV,WV.1,0.7705,D,BYRD,RAESE,0.5409999999999999,-0.10493975926855414,-0.06993345836948059,0.6,-0.09093723890892472
2006,WY,WY.1,0.2991,R,GROUTAGE,THOMAS,-0.40180000000000005,-0.38163975926855415,-0.42473345836948057,0.6,-0.39887723890892474
2010,AL,AL.3,0.3475,R,BARNES,SHELBY,-0.30500000000000005,-0.2932153455716054,-0.23333975926855416,0.6,-0.26926511105038486
2010,AR,AR.3,0.3895,R,LINCOLN,BOOZMAN,-0.22099999999999997,-0.27881534557160537,-0.07403975926855415,0.6,-0.19690511105038488
2010,AZ,AZ.3,0.3706,R,GLASSMAN,MCCAIN,-0.25880000000000003,-0.16171534557160538,-0.08083975926855415,0.6,-0.1293651110503849
2010,CA,CA.3,0.553,D,BOXER,FIORINA,0.1060000000000001,0.17018465442839462,0.12546024073144585,0.6,0.1522948889496151
2010,CO,CO.3,0.5086,D,BENNET,BUCK,0.017200000000000104,0.015584654428394601,-0.022639759268554153,0.6,2.9488894961509846e-4
2010,CT,CT.3,0.5607,D,BLUMENTHAL,MCMAHON,0.12139999999999995,0.1509846544283946,0.13016024073144583,0.6,0.1426548889496151
2010,DE,DE.2,0.5858,D,COONS,O'DONNELL,0.17159999999999997,0.17738465442839463,0.10126024073144585,0.6,0.1469348889496151
2010,FL,FL.3,0.2923,R,MEEK,RUBIO,-0.4154,-0.047015345571605395,-0.025839759268554155,0.6,-0.0385451110503849
2010,GA,GA.3,0.4008,R,THURMOND,ISAKSON,-0.19840000000000002,-0.1280153455716054,-0.14243975926855415,0.6,-0.1337851110503849
2010,HI,HI.3,0.7762,D,INOUYE,CAVASSO,0.5524,0.3844846544283946,0.11276024073144585,0.6,0.27579488894961507
2010,IA,IA.3,0.341,R,CONLIN,GRASSLEY,-0.31799999999999995,0.021584654428394606,0.017960240731445847,0.6,0.020134888949615102
2010,ID,ID.3,0.2594,R,SULLIVAN,CRAPO,-0.48119999999999996,-0.3359153455716054,-0.36183975926855416,0.6,-0.34628511105038495
2010,IL,IL.3,0.4915,R,GIANNOULIAS,KIRK,-0.017000000000000015,0.17928465442839459,0.12886024073144586,0.6,0.1591148889496151
2010,IN,IN.3,0.4229,R,ELLSWORTH,COATS,-0.1542,-0.0650153455716054,-0.18383975926855414,0.6,-0.1125451110503849
2010,KS,KS.3,0.2734,R,JOHNSTON,MORAN,-0.45320000000000005,-0.2276153455716054,-0.23263975926855412,0.6,-0.2296251110503849
2010,KY,KY.3,0.4426,R,CONWAY,PAUL,-0.11480000000000001,-0.2401153455716054,-0.17553975926855414,0.6,-0.2142851110503849
2010,LA,LA.3,0.3998,R,MELANCON,VITTER,-0.20040000000000002,-0.2645153455716054,-0.12193975926855416,0.6,-0.2074851110503849
2010,MD,MD.3,0.635,D,MIKULSKI,WARGOTZ,0.27,0.1831846544283946,0.15596024073144585,0.6,0.1722948889496151
2010,MO,MO.3,0.4283,R,CARNAHAN,BLUNT,-0.14339999999999997,-0.0768153455716054,-0.04773975926855416,0.6,-0.0651851110503849
2010,NC,NC.3,0.4399,R,MARSHALL,BURR,-0.12019999999999997,-0.0721153455716054,-0.10013975926855415,0.6,-0.0833251110503849
2010,ND,ND.3,0.2257,R,POTTER,HOEVEN,-0.5486,-0.1636153455716054,-0.25353975926855415,0.6,-0.1995851110503849
2010,NH,NH.3,0.3801,R,HODES,AYOTTE,-0.2398,0.021984654428394604,0.03846024073144585,0.6,0.0285748889496151
2010,NV,NV.3,0.5303,D,REID,ANGLE,0.06059999999999999,0.05228465442839461,-0.0017397592685541516,0.6,0.030674888949615106
2010,NY,NY.1,0.642,D,GILLIBRAND,DIOGUARDI,0.28400000000000003,0.23988465442839463,0.22126024073144585,0.6,0.23243488894961511
2010,NY,NY.3,0.6731,D,SCHUMER,TOWNSEND,0.34620000000000006,0.23988465442839463,0.22126024073144585,0.6,0.23243488894961511
2010,OH,OH.3,0.4094,R,FISHER,PORTMAN,-0.18120000000000003,-0.028715345571605398,0.003460240731445848,0.6,-0.0158451110503849
2010,OK,OK.3,0.2701,R,ROGERS,COBURN,-0.4598,-0.3883153455716054,-0.28673975926855416,0.6,-0.3476851110503849
2010,OR,OR.3,0.5932,D,WYDEN,HUFFMAN,0.1863999999999999,0.09288465442839461,0.06686024073144585,0.6,0.0824748889496151
2010,PA,PA.3,0.4899,R,SESTAK,TOOMEY,-0.020199999999999996,0.029184654428394602,0.04986024073144585,0.6,0.0374548889496151
2010,SC,SC.3,0.3102,R,GREENE,DEMINT,-0.37960000000000005,-0.16631534557160538,-0.14803975926855414,0.6,-0.1590051110503849
2010,UT,UT.3,0.3473,R,GRANATO,LEE,-0.3054,-0.3659153455716054,-0.44223975926855413,0.6,-0.3964451110503849
2010,VT,VT.3,0.6754,D,LEAHY,BRITTON,0.3508,0.3025846544283946,0.23066024073144584,0.6,0.2738148889496151
2010,WA,WA.3,0.5236,D,MURRAY,ROSSI,0.04719999999999991,0.09958465442839459,0.09756024073144585,0.6,0.0987748889496151
2010,WI,WI.3,0.4755,R,FEINGOLD,JOHNSON,-0.049000000000000044,0.0656846544283946,0.02846024073144585,0.6,0.050794888949615105
2010,WV,WV.1,0.552,D,MANCHIN,RAESE,0.10400000000000009,-0.2089153455716054,-0.10493975926855414,0.6,-0.1673251110503849
2014,AK,AK.2,0.4886,R,BEGICH,SULLIVAN,-0.022800000000000042,-0.18649786598444865,-0.2967153455716054,0.6,-0.23058485781931135
2014,AR,AR.2,0.411,R,PRYOR,COTTON,-0.17800000000000005,-0.2832978659844486,-0.27881534557160537,0.6,-0.28150485781931134
2014,CO,CO.2,0.4897,R,UDALL,GARDNER,-0.02059999999999995,0.014802134015551367,0.015584654428394601,0.6,0.01511514218068866
2014,DE,DE.2,0.5694,D,COONS,WADE,0.13880000000000003,0.14870213401555138,0.17738465442839463,0.6,0.16017514218068868
2014,GA,GA.2,0.4608,R,NUNN,PERDUE,-0.07840000000000003,-0.11929786598444864,-0.1280153455716054,0.6,-0.12278485781931134
2014,HI,HI.3,0.7158,D,SCHATZ,CAVASSO,0.4316,0.39390213401555135,0.3844846544283946,0.6,0.3901351421806887
2014,IA,IA.2,0.4565,R,BRALEY,ERNST,-0.08699999999999997,0.01900213401555137,0.021584654428394606,0.6,0.020035142180688664
2014,ID,ID.2,0.3467,R,MITCHELL,RISCH,-0.3066,-0.36859786598444866,-0.3359153455716054,0.6,-0.3555248578193113
2014,IL,IL.2,0.5564,D,DURBIN,OBERWEIS,0.11280000000000001,0.13140213401555137,0.17928465442839459,0.6,0.15055514218068866
2014,KY,KY.2,0.4202,R,GRIMES,MCCONNELL,-0.15959999999999996,-0.2710978659844486,-0.2401153455716054,0.6,-0.2587048578193113
2014,LA,LA.2,0.4407,R,LANDRIEU,CASSIDY,-0.11860000000000004,-0.21509786598444863,-0.2645153455716054,0.6,-0.23486485781931132
2014,MA,MA.2,0.6196,D,MARKEY,HERR,0.23920000000000008,0.19550213401555136,0.18848465442839463,0.6,0.19269514218068867
2014,ME,ME.2,0.3151,R,BELLOWS,COLLINS,-0.3698,0.11700213401555137,0.10118465442839461,0.6,0.11067514218068866
2014,MI,MI.2,0.5692,D,PETERS,LAND,0.13840000000000008,0.05580213401555137,0.0919846544283946,0.6,0.07027514218068867
2014,MN,MN.2,0.5533,D,FRANKEN,MCFADDEN,0.10660000000000003,0.03860213401555136,0.029184654428394602,0.6,0.03483514218068866
2014,MS,MS.2,0.3875,R,CHILDERS,COCHRAN,-0.22499999999999998,-0.15619786598444863,-0.2082153455716054,0.6,-0.17700485781931136
2014,MT,MT.2,0.4095,R,CURTIS,DAINES,-0.18100000000000005,-0.18089786598444862,-0.0988153455716054,0.6,-0.14806485781931134
2014,NC,NC.2,0.4919,R,HAGAN,TILLIS,-0.016199999999999992,-0.06089786598444863,-0.0721153455716054,0.6,-0.06538485781931133
2014,NE,NE.2,0.3286,R,DOMINA,SASSE,-0.3428,-0.26279786598444865,-0.2276153455716054,0.6,-0.24872485781931133
2014,NH,NH.2,0.5163,D,SHAHEEN,BROWN,0.03259999999999996,0.016502134015551367,0.021984654428394604,0.6,0.018695142180688663
2014,NJ,NJ.2,0.5688,D,BOOKER,BELL,0.13759999999999994,0.13880213401555136,0.0818846544283946,0.6,0.11603514218068867
2014,NM,NM.2,0.5556,D,UDALL,WEH,0.11119999999999997,0.06570213401555136,0.0778846544283946,0.6,0.07057514218068865
2014,OK,OK.2,0.2957,R,SILVERSTEIN,INHOFE,-0.40859999999999996,-0.3755978659844486,-0.3883153455716054,0.6,-0.38068485781931133
2014,OK,OK.3,0.2993,R,JOHNSON,LANKFORD,-0.4014,-0.3755978659844486,-0.3883153455716054,0.6,-0.38068485781931133
2014,OR,OR.2,0.6019,D,MERKLEY,WEHBY,0.20379999999999998,0.08520213401555138,0.09288465442839461,0.6,0.08827514218068866
2014,RI,RI.2,0.707,D,REED,ZACCARIA,0.4139999999999999,0.24010213401555136,0.20858465442839458,0.6,0.22749514218068864
2014,SC,SC.2,0.4168,R,HUTTO,GRAHAM,-0.1664,-0.14639786598444865,-0.16631534557160538,0.6,-0.15436485781931136
2014,SC,SC.3,0.3777,R,DICKERSON,SCOTT,-0.24460000000000004,-0.14639786598444865,-0.16631534557160538,0.6,-0.15436485781931136
2014,SD,SD.2,0.3694,R,WEILAND,ROUNDS,-0.2612,-0.22459786598444864,-0.1613153455716054,0.6,-0.19928485781931132
2014,TN,TN.2,0.34,R,BALL,ALEXANDER,-0.31999999999999995,-0.24719786598444862,-0.2280153455716054,0.6,-0.23952485781931132
2014,TX,TX.2,0.3582,R,ALAMEEL,CORNYN,-0.28359999999999996,-0.20039786598444864,-0.1941153455716054,0.6,-0.19788485781931134
2014,VA,VA.2,0.5042,D,WARNER,GILLESPIE,0.008399999999999963,-8.978659844486314e-4,-0.01171534557160539,0.6,-0.005224857819311334
2014,WV,WV.2,0.3568,R,TENNANT,CAPITO,-0.2864,-0.31369786598444865,-0.2089153455716054,0.6,-0.2717848578193114
2014,WY,WY.2,0.1946,R,HARDY,ENZI,-0.6108,-0.46339786598444865,-0.4066153455716054,0.6,-0.4406848578193113
2018,AZ,AZ.1,0.512,D,SINEMA,MCSALLY,0.02400000000000002,-0.061050128351681776,-0.13249786598444863,0.6,-0.08962922340478852
2018,CT,CT.1,0.602,D,MURPHY,COREY,0.20399999999999996,0.11954987164831823,0.13530213401555136,0.6,0.1258507765952115
2018,DE,DE.1,0.6132,D,CARPER,ARLETT,0.22639999999999993,0.09674987164831822,0.14870213401555138,0.6,0.11753077659521148
2018,FL,FL.1,0.4994,R,NELSON,SCOTT,-0.0011999999999999789,-0.03565012835168178,-0.03139786598444863,0.6,-0.03394922340478852
2018,HI,HI.1,0.7115,D,HIRONO,CURTIS,0.42300000000000004,0.3255498716483182,0.39390213401555135,0.6,0.3528907765952115
2018,IN,IN.1,0.4692,R,DONNELLY,BRAUN,-0.06159999999999999,-0.22555012835168178,-0.14419786598444861,0.6,-0.19300922340478852
2018,MA,MA.1,0.6252,D,WARREN,DIEHL,0.25039999999999996,0.2697498716483182,0.19550213401555136,0.6,0.24005077659521146
2018,MD,MD.1,0.6815,D,CARDIN,CAMPBELL,0.363,0.25694987164831823,0.2262021340155514,0.6,0.2446507765952115
2018,ME,ME.1,0.6066,D,KING,BRAKEY,0.21320000000000006,0.008649871648318222,0.11700213401555137,0.6,0.05199077659521148
2018,MI,MI.1,0.5332,D,STABENOW,JAMES,0.06640000000000001,-0.025650128351681775,0.05580213401555137,0.6,0.006930776595211484
2018,MN,MN.1,0.6248,D,KLOBUCHAR,NEWBERGER,0.24960000000000004,-0.006650128351681776,0.03860213401555136,0.6,0.01145077659521148
2018,MN,MN.2,0.5557,D,SMITH,HOUSLEY,0.11139999999999994,-0.006650128351681776,0.03860213401555136,0.6,0.01145077659521148
2018,MO,MO.1,0.47,R,MCCASKILL,HAWLEY,-0.06000000000000005,-0.21965012835168177,-0.13579786598444865,0.6,-0.18610922340478853
2018,MS,MS.1,0.4029,R,BARIA,WICKER,-0.19420000000000004,-0.20505012835168177,-0.15619786598444863,0.6,-0.1855092234047885
2018,MS,MS.2,0.4637,R,ESPY,HYDE-SMITH,-0.0726,-0.20505012835168177,-0.15619786598444863,0.6,-0.1855092234047885
2018,MT,MT.1,0.5183,D,TESTER,ROSENDALE,0.036599999999999966,-0.24545012835168178,-0.18089786598444862,0.6,-0.21962922340478852
2018,ND,ND.1,0.4455,R,HEITKAMP,CRAMER,-0.10899999999999999,-0.4194501283516818,-0.24239786598444862,0.6,-0.3486292234047885
2018,NE,NE.1,0.401,R,RAYBOULD,FISCHER,-0.19799999999999995,-0.2942501283516818,-0.26279786598444865,0.6,-0.28166922340478856
2018,NJ,NJ.1,0.5577,D,MENENDEZ,HUGIN,0.11539999999999995,0.12244987164831822,0.13880213401555136,0.6,0.12899077659521146
2018,NM,NM.1,0.6392,D,HEINRICH,RICH,0.2784,0.06974987164831822,0.06570213401555136,0.6,0.06813077659521148
2018,NV,NV.1,0.5262,D,ROSEN,HELLER,0.0524,0.0026498716483182236,0.028002134015551364,0.6,0.012790776595211481
2018,NY,NY.1,0.67,D,GILLIBRAND,FARLEY,0.3400000000000001,0.24494987164831822,0.2807021340155514,0.6,0.25925077659521145
2018,OH,OH.1,0.5342,D,BROWN,RENACCI,0.06840000000000002,-0.10865012835168178,-0.009897865984448632,0.6,-0.06914922340478852
2018,PA,PA.1,0.5654,D,CASEY,BARLETTA,0.13080000000000003,-0.030750128351681776,0.01440213401555137,0.6,-0.012689223404788515
2018,RI,RI.1,0.6158,D,WHITEHOUSE,FLANDERS,0.23160000000000003,0.1429498716483182,0.24010213401555136,0.6,0.1818107765952115
2018,TN,TN.1,0.4453,R,BREDESEN,BLACKBURN,-0.10940000000000005,-0.2957501283516818,-0.24719786598444862,0.6,-0.2763292234047885
2018,TX,TX.1,0.4871,R,O'ROURKE,CRUZ,-0.025800000000000045,-0.11755012835168177,-0.20039786598444864,0.6,-0.15068922340478852
2018,UT,UT.1,0.3306,R,WILSON,ROMNEY,-0.3388,-0.27095012835168175,-0.5326978659844486,0.6,-0.37564922340478846
2018,VA,VA.1,0.5816,D,KAINE,STEWART,0.1632,0.033249871648318226,-8.978659844486314e-4,0.6,0.019590776595211485
2018,VT,VT.1,0.7108,D,SANDERS,ZUPAN,0.4216,0.28044987164831825,0.32470213401555137,0.6,0.2981507765952115
2018,WA,WA.1,0.5843,D,CANTWELL,HUTCHISON,0.16860000000000008,0.15244987164831822,0.11240213401555138,0.6,0.13643077659521147
2018,WI,WI.1,0.5542,D,BALDWIN,VUKMIR,0.10840000000000005,-0.031450128351681775,0.029102134015551367,0.6,-0.007229223404788517
2018,WV,WV.1,0.5169,D,MANCHIN,MORRISEY,0.03380000000000005,-0.46645012835168176,-0.31369786598444865,0.6,-0.4053492234047885
2018,WY,WY.1,0.3101,R,TRAUNER,BARRASSO,-0.3798,-0.5373501283516817,-0.46339786598444865,0.6,-0.5077692234047886
